,stolbec
0,"['В', 'полулегком', 'подпитьи', 'являясь', ',', 'я', 'ей', 'всякие', 'розы', 'дарил', '.']"
1,"['Ни', 'разу', 'не', 'заглянула', 'ни', 'в', 'одну', 'мою', 'тетрадь', '.']"
2,"['Я', 'человек', 'того', 'покроя', '—', 'я', 'твой', 'навеки', 'арестант', 'и', 'все', 'такое', ',', 'все', 'такое', '.']"
3,"['Так', 'он', 'сказал', ',', 'и', 'вот', 'я', 'здесь', ',', 'ребята', ',', 'в', 'дурацком', 'парке', 'радуюсь', 'цветам', 'и', 'девушкам', ',', 'а', 'им', 'того', 'и', 'надо', ',', 'что', 'я', 'не', 'там', '.']"
4,"А значит, недаром в приисковом посёлке любили меня."
5,"['Как', 'одному', ':', '«', 'другу', '»', ',', 'а', 'двум', 'другим', 'он', '«', 'Сапожок', '»', 'подписывал', ':', '«', 'дорогим', '»', '.']"
6,"['Господа', ',', 'что', 'скажете', 'на', 'это', '?']"
7,"['За', 'тридцать', ',', 'ну', 'и', 'что', '.']"
8,"времена большие, крепких."
9,"['Ещё', 'один', 'подкинь', 'кусочек', 'льда', 'в', 'холодный', 'стих', '.']"
10,"Там тельник такую себе я купил, оборзел, прокурил самокрутками персты."
11,"['Гремели', '«', 'КамАЗы', '»', 'и', '«', 'ЗИЛы', '»', '.']"
12,"['В', 'России', 'расстаются', 'навсегда', '.']"
13,"['О', 'муза', 'бестолковая', 'моя', '!']"
14,"['Слышу', 'рев', 'милицейской', 'сирены', ',', 'нарезая', 'по', 'пустырям', '.']"
15,"['Мне', 'не', 'хватает', 'нежности', 'в', 'стихах', ',', 'а', 'я', 'хочу', ',', 'чтоб', 'получалась', 'нежность', '—', 'как', 'неизбежность', 'или', 'как', 'небрежность', '.']"
16,"['И', 'за', 'это', ',', 'за', 'это', ',', 'за', 'это', ',', 'за', 'это', 'эта', 'Н.', 'целовала', 'меня', '.']"
17,"['Я', 'затем', 'вас', 'так', 'крепко', 'любил', 'и', 'любил', ',', 'чтобы', 'заново', 'ожили', 'вы', '.']"
18,"['Ты', 'всхлипываешь', ',', 'я', 'рифмую', '«', 'всхлип', '»', '.']"
19,"['И', 'остается', ',', 'остается', 'мне', 'ждать', ',', 'дыханье', 'затая', ':', 'вот', 'он', 'допьет', 'и', 'улыбнется.И', 'повторится', 'жизнь', 'моя', '.']"
20,"['Так', 'я', 'понял', ':', 'ты', 'дочь', 'моя', ',', 'а', 'не', 'мать', ',', 'только', 'надо', 'крепче', 'тебя', 'обнять', 'и', 'взглянуть', 'через', 'голову', 'за', 'окно', ',', 'где', 'сто', 'лет', 'назад', ',', 'где', 'давным-давно', 'сопляком', 'шмонался', 'я', 'по', 'двору', 'и', 'тайком', 'прикуривал', 'на', 'ветру', ',', 'окружен', 'шпаной', ',', 'но', 'всегда', 'один', '—', 'твой', 'единственный', ',', 'твой', 'любимый', 'сын', '.']"
21,"['Померкли', 'очи', 'голубые', ',', 'Погасли', 'чёрные', 'глаза', '—', 'Стареют', 'школьницы', 'былые', ',', 'Беседки', ',', 'парки', ',', 'небеса', '.']"
22,"['А', 'ну', 'назад', ',', 'где', 'облака', 'летели', ',', 'где', ',', 'полыхая', ',', 'клёны', 'облетели', ',', 'туда', ',', 'где', 'до', 'твоей', 'кончины', ',', 'Эля', ',', 'ещё', 'неделя', '.']"
23,"Достаю из кишеня упаковку дурмана, из стакана пью угар за романа, за своего дружбана, за лимона-жигана пью настойку из сна и тумана."
24,"['Грустно', 'и', 'больно', ':', 'занят', ',', 'целую', 'вас', '!']"
25,"['Помнишь', ',', 'под', 'озябшими', 'кустами', 'мы', 'с', 'тобою', 'простояли', 'час', ',', 'и', 'трамваи', 'сонными', 'глазами', 'нехотя', 'оглядывали', 'нас', '?']"
26,"['Я', 'зеркало', 'протру', 'рукой', 'и', 'за', 'спиной', 'увижу', 'осень', '.']"
27,"['И', 'бесконечность', 'прошлого', ',', 'высвеченного', 'тускло', ',', 'очень', 'мешает', 'грядущему', 'обрести', 'размах', '.']"
28,"['Отмотай-ка', 'жизнь', 'мою', 'назад', 'и', 'ещё', 'назад', ':', 'вот', 'иду', 'я', 'пьяный', 'через', 'сад', ',', 'осень', ',', 'листопад.Вот', 'иду', 'я', ':', 'девушка', 'с', 'веслом', 'слева', ',', 'а', 'с', 'ядром', '—', 'справа', ',', 'время', 'встало', 'и', 'стоит', ',', 'а', 'листва', 'летит.Все', 'аттракционы', 'на', 'замке', ',', 'никого', 'вокруг', ',', 'только', 'слышен', 'где-то', 'вдалеке', 'репродуктор-друг.Что', 'поёт', 'он', ',', 'чёрт', 'его', 'поймёт', ',', 'что', 'и', 'пел', 'всегда', ':', 'что', 'любовь', 'пройдёт', ',', 'и', 'жизнь', 'пройдёт', ',', 'пролетят', 'года.Я', 'сюда', 'глубоким', 'стариком', 'некогда', 'вернусь', ',', 'погляжу', 'на', 'небо', ',', 'а', 'потом', 'по', 'листве', 'пройдусь.Что', 'любовь', 'пройдёт', ',', 'и', 'жизнь', 'пройдёт', ',', 'вяло', 'подпою', ',', 'ни', 'о', 'ком', 'не', 'вспомню', ',', 'старый', 'чёрт', ',', 'бездны', 'на', 'краю', '.']"
29,"['Любимые', ',', 'вы', 'только', 'посмотрите', 'на', 'наши', 'лица', '!']"
30,"['Так', 'не', 'вышло', 'из', 'меня', 'поэта', ',', 'и', 'уже', 'не', 'выйдет', 'никогда', '.']"
31,Потом лежачего бьют.
32,"['Живу', 'во', 'сне', ',', 'а', 'наяву', 'сижу-дремлю', '.']"
33,"['Звезда', '.']"
34,"Да пойти и пойти по дороге своего тёмно-синего под звёздами серебряными, по России, документ о прописке сжимая в горсти."
35,"Все, и помнить не обещай, сниться не позабудь.Не печалься и не грусти."
36,"['Слишком', 'много', 'всего', 'не', 'вмещается', '.']"
37,"['Только', 'пар', ',', 'только', 'белое', 'в', 'синем', 'над', 'громадами', 'каменных', 'плит…', 'никогда', 'никуда', 'мы', 'не', 'сгинем', ',', 'Мы', 'прочней', 'и', 'нежней', ',', 'чем', 'гранит', '.']"
38,"Кирдянов — это Алимкулов.А это я в костюме « Baltman » сижу в штиблетах « Salamander » — пригожий, млады, разбитый, как трансконтинентальный лайнер.Хотя трехсложники не в поветрии, что ни спроси, читаю сразу то « кончина жеребца », то « О погоде », то « На пути из-за Кавказа ».Усталый, млады, пригожий сижу, затягиваюсь « примой », окурком крошечным, что жжется, и это высокий пижонство.Сижу и думаю о том, как я люблю моих друзей."
39,"['Ну', ',', 'давай', 'поцелуемся', '!']"
40,"['Прошло', 'десятилетье', '.']"
41,На десятом обороте к полосу втулки разлетелись.
42,"['Белеет', 'пароход', 'на', 'фоне', 'голубом', '.']"
43,"['В', 'красном', 'трамвае', 'хулиган', 'с', 'недотрогой', 'ехали', 'в', 'никуда', '.']"
44,"['Всем', 'вручили', 'по', 'жизни', ',', 'а', 'нам', '—', 'по', 'судьбе', ',', 'словно', 'сразу', 'аванс', 'и', 'расчёт', '.']"
45,"['И', 'чёрная', 'река', 'от', 'края', 'и', 'до', 'края', 'на', 'фоне', 'голубом', 'в', 'распахнутом', 'окне', '.']"
46,"['…Когда', 'ты', 'уйдешь', ',', 'когда', 'я', 'умру', '.']"
47,"['«', 'Да', 'ты', 'пиши', 'хоть', ',', 'сынуль', ',', 'мы', 'волнуемся', '»', '.']"
48,Прут в обнимку с выпускницами ардаки с маратами.
49,"['А', 'я', 'протягиваю', 'руку', ':', 'уже', 'хорош', ',', 'давай', 'сюда', '!']"
50,"['В', 'те', 'баснословные', 'года', 'нам', 'пиво', 'воздух', 'заменяло', ',', 'оно', ',', 'как', 'воздух', ',', 'исчезало', ',', 'но', 'появлялось', 'иногда', '.']"
51,"['Только', 'я', 'со', 'шпаною', 'ходил', 'в', 'дружбанах', ',', 'до', 'сих', 'пор', 'не', 'пойму', ',', 'почему', '.']"
52,"['Я', 'представляю', 'все', 'равно', 'гитары', ',', 'песни', 'и', 'туманы', '.']"
53,"['Я', 'родился', '—', 'доселе', 'не', 'верится', '—', 'в', 'лабиринте', 'фабричных', 'дворов', 'в', 'той', 'стране', 'голубиной', ',', 'что', 'делится', 'тыщу', 'лет', 'на', 'ментов', 'и', 'воров', '.']"
54,А еще я ходил по субботам на плясы и со всеми на равных стройбатовцев извергался.
55,"душегуба повели на расстрел палачи.Убаюкана музыкой жутким, что ты хочешь увидеть во сне?"
56,"['О', 'удивление', ':', 'как', ',', 'у', 'вас', 'нет', 'пистолета', '?']"
57,"['Но', 'верю', ',', 'на', 'горе', 'засвищет', 'рак', ',', 'и', 'заново', 'былое', 'повторится', '.']"
58,"['О', ',', 'если', 'б', 'ты', 'знала', ',', 'как', 'мне', 'одиноко', 'с', 'тобой…', 'Как', 'мне', 'одиноко', ',', 'и', 'как', 'это', 'лучше', 'сказать', ':', 'с', 'какого', 'урока', 'в', 'какое', 'кино', 'убежать', '?']"
59,1
60,"['Как', 'долго', 'я', 'жил', 'на', 'свете', ',', 'как', 'переносил', 'все', 'эти', 'сердцебиенья', ',', 'слезы', ',', 'и', 'даже', 'наоборот', '.']"
61,"['Такие', 'удивительные', 'мысли', 'ко', 'мне', 'приходят', 'с', 'некоторых', 'пор', '.']"
62,"Ты люби меня, красавица, скоро время вовсе кончится, и уже сегодня, кажется, жить не хочется."
63,"['Я', 'тоже', 'стану', 'музыкантом', 'и', 'буду', ',', 'если', 'не', 'умру', ',', 'в', 'рубашке', 'белой', 'с', 'черным', 'бантом', 'играть', 'ночами', 'на', 'ветру', '.']"
64,"['Лучше', 'страшно', ',', 'лучше', 'безнадежно', ',', 'лучше', 'рылом', 'в', 'грязь', '.']"
65,"['Будет', 'теплое', 'пиво', 'вокзальное', ',', 'будет', 'облако', 'над', 'головой', ',', 'будет', 'музыка', 'очень', 'печальная', '—', 'я', 'навеки', 'прощаюсь', 'с', 'тобой', '.']"
66,"['Пацанка', ',', 'я', 'к', 'щеке', 'твоей', 'прилип', '.']"
67,"['Отвращенье', 'домашние', 'кофточки', ',', 'полки', 'книжные', ',', 'фото', 'отца', 'вызывают', 'у', 'тех', ',', 'кто', ',', 'на', 'корточки', 'сев', ',', 'умеет', 'сидеть', 'до', 'конца', '.']"
68,"['Ничего', 'не', 'надо', ',', 'даже', 'счастья', 'быть', 'любимым', ',', 'не', 'надо', 'даже', 'тёплого', 'участья', ',', 'яблони', 'в', 'окне', '.']"
69,"['Окраина', 'стройки', 'советской', ',', 'фабричные', 'красные', 'трубы', '.']"
70,"['В', 'осенний', 'вечер', ',', 'проглотив', 'стакан', 'плохого', 'алкоголя', ',', 'сидит', 'и', 'слушает', 'мотив', ',', 'мотив', 'тоски', ',', 'мотив', 'неволи', '.']"
71,"думал, всё, труба, приехал ты, Борис Борисыч, славный."
72,"['А', 'иногда', 'отец', 'мне', 'говорил', ',', 'что', 'видит', 'про', 'утиную', 'охоту', 'сны', 'с', 'продолженьем', ':', 'лодка', 'и', 'двустволка', '.']"
73,"['Стою', ',', 'взволнованный', 'пеоном', 'и', 'цезурой', '!']"
74,"['Играли', 'в', 'душе', 'моей', 'детской', 'Ерёменко', 'медные', 'трубы', '.']"
75,"['Как', 'таксист', ',', 'на', 'весь', 'дом', 'матерясь', ',', 'за', 'починкой', 'кухонного', 'крана', 'ранит', 'руку', 'и', ',', 'вытерев', 'грязь', ',', 'ищет', 'бинт', ',', 'вспоминая', 'Ивана', 'Ильича', ',', 'чуть', 'не', 'плачет', ',', 'идет', 'прочь', 'из', 'дома', ':', 'на', 'волю', ',', 'на', 'ветер', '—', 'синеглазый', 'худой', 'идиот', ',', 'переросший', 'трагедию', 'Вертер', '—', 'и', 'под', 'грохот', 'зеленой', 'листвы', 'в', 'захламленном', 'влюбленными', 'сквере', 'говорит', 'полушепотом', ':', '«', 'Вы', ',', 'там', ',', 'в', 'партере', '!', '»', 'Не', 'вставай', ',', 'я', 'сам', 'его', 'укрою', ',', 'спи', ',', 'пока', 'осенняя', 'звезда', 'светит', 'над', 'твоею', 'головою', 'и', 'гудят', 'сырые', 'провода', '.']"
76,"['На', 'погонах', 'кровь', 'заката', '.']"
77,"['Ещё', 'неделя', 'света', 'и', 'покоя', ',', 'и', 'ты', 'уйдёшь', 'вся', 'в', 'белом', 'в', 'голубое', ',', 'не', 'ты', ',', 'а', 'ты', 'с', 'закушенной', 'губою', 'пойдёшь', 'со', 'мною', 'мимо', 'цветов', ',', 'решёток', ',', 'в', 'платье', 'строгом', 'вперёд', ',', 'где', 'в', 'тоне', 'дерзком', 'и', 'жестоком', 'ты', 'будешь', 'много', 'говорить', 'о', 'многом', 'со', 'мной', ',', 'я', '—', 'с', 'богом', '.']"
78,"['Фонари', 'не', 'горят', ',', 'как', 'ни', 'кроет', 'их', 'матом', 'электрик-браток', '.']"
79,"['А', 'я', 'поэт', ',', 'поэт', '.']"
80,"['Пускай', 'тогда', ',', 'когда', 'затылком', 'стукну', 'по', 'днищу', 'гроба', ',', 'в', 'подземелье', 'рухну', ',', 'заплаканные', 'свердловчане', 'пусть', 'нарядят', 'механическую', 'куклу', 'в', 'мое', 'шмотье', ',', 'придав', 'движеньям', 'грусть', '.']"
81,"['Авария', '.']"
82,"С брегов стремительным Исети к брегам медлительной Невы я вновь приеду на рассвете, хотя меня не ждете Вы.Как в Екатеринбурге скучно, а в Петербурге, божество мой, сам Александр Семеныч Кушнер меня зовет к себе домой.Сам Алексей Арнольдыч пурин ко мне является с дружком — и сразу номер мой прокурен голландским хорошим табаком.Сам Александр Леонтьев, Шура, с которым с детства я знаком, во название Феба и Амура меня сведет в гласного дом.Меня считаете пьянчугой Вы, Алимкулов Алексей, мне ничего не остается, как покориться форме сей.Да, у меня губа не дура испить вина и вообще."
83,"['Домино', '.']"
84,"['всё', 'к', 'чертям', 'полетело', ',', 'а', 'что', 'называется', 'мной', ',', 'то', 'идёт', 'по', 'осенней', 'аллее', ',', 'и', 'ветер', 'свистит-надрывается', ',', 'и', 'клубится', 'листва', 'за', 'моею', 'спиной', '.']"
85,"['Потому', 'уменьшительных', 'суффиксов', 'не', 'люблю', ',', 'и', 'когда', 'постучат', 'и', 'попросят', 'с', 'улыбкою', 'уксуса', ',', 'я', 'исполню', 'желанье', 'ребят', '.']"
86,"['Дождь', 'в', 'Нижнем', 'Тагиле', '.']"
87,"['И', 'всякий', 'раз', ',', 'не', 'повстречав', 'отца', ',', 'я', 'просыпаюсь', ',', 'оттого', 'что', 'плачу', '.']"
88,"['Итак', ',', 'начинался', 'сентябрь', ',', 'моросило', '.']"
89,"['И', 'без', 'толку', 'искать', 'слова', 'для', 'торжества', 'такой', 'печали.Для', 'пьяницы-говоруна', 'на', 'флейте', 'отзвучало', 'лето', ',', 'теперь', 'играет', 'тишина', 'для', 'протрезвевшего', 'поэта.Я', 'ближе', 'к', 'зеркалу', 'шагну', 'и', 'всю', 'печаль', 'собой', 'закрою', '.']"
90,"['Раз', ',', 'два', ',', 'три', ',', 'четыре', ',', 'пять', 'все', '—', 'в', 'машину', ',', 'вашу', 'мать.Зимний', 'вечер', '.']"
91,"['Когда', 'в', 'подъездах', 'закрывают', 'двери', 'и', 'светофоры', 'смотрят', 'в', 'небеса', ',', 'я', 'перед', 'сном', 'гуляю', 'в', 'этом', 'сквере', ',', 'с', 'завидной', 'регулярностью', ',', 'по', 'мере', 'возможности', ',', 'по', 'полтора', 'часа', '.']"
92,"['Светало', '.']"
93,"['Молодость', ',', 'свет', 'над', 'башкою', ',', 'случайные', 'встречи', '.']"
94,"['И', 'если', ',', 'пьян', ',', 'с', 'последнею', 'любовью', 'к', 'щеке', 'устаприжал', 'и', 'всё', ',', 'и', 'взял', 'рукою', 'руку', ',', '—', 'она', 'поймет', '.']"
95,"['—', 'ослов…', 'Под', 'сине-голубыми', 'облаками', 'стою', 'и', 'тупо', 'развожу', 'руками', ',', 'весь', 'музыкою', 'полон', 'до', 'краев', '.']"
96,"['Пол-облака', 'висит', 'над', 'головами', '.']"
97,"['О', 'печальном', 'смешно', 'говорила', '.']"
98,"['И', 'только', 'небо', ',', 'может', 'быть', ',', 'глядело', 'пристально', 'и', 'нежно', 'на', 'относившихся', 'небрежно', 'к', 'прекрасному', 'глаголу', 'ЖИТЬ', '.']"
99,"И что, блин, может быть, потом тут будет, видимо, музей.Поставят музыку печального."
100,"Хорошо живет провинция, четырьмя горит закатами."
101,"['Что-то', 'слишком', 'расширился', 'мой', 'кругозор', ',', 'а', 'когда-то', 'был', 'равен', 'двору', '.']"
102,"['Да', 'я', 'не', 'матерюсь', '.']"
103,"['Увы', ',', 'порочный', 'вкус', '.']"
104,"['Я', 'выпью', 'и', 'на', 'пять', 'минут', 'прилягу', ',', 'потом', 'проснусь', ':', 'ан', 'жизнь', 'моя', 'прошла', '.']"
105,"['Как', 'сказал', 'тот', ',', 'кто', 'умер', 'уже', ',', 'безобразное', '—', 'это', 'прекрасное', ',', 'что', 'не', 'может', 'вместиться', 'в', 'душе', '.']"
106,"Раскричались вороны, Воет ветер."
107,"['Стою', 'на', 'ринге', '.']"
108,Да в будка за поллитру толкнуть.
109,"['Семь', 'лет', 'подряд', 'хожу', 'в', 'одном', 'и', 'том', 'же', 'пальто', ',', 'почти', 'не', 'ведая', 'стыда', ',', '—', 'не', 'просто', 'подвернувшийся', 'прохожий', 'писатель', ',', 'не', 'прозаик', ',', 'а', 'хороший', 'поэт', ',', 'и', 'это', 'важно', ',', 'господа', '.']"
110,"['Смотри', ',', 'не', 'матерись', '»', '.']"
111,"['С', 'качелей', 'прыгали', 'в', 'листву', ',', 'что', 'дворники', 'собрать', 'успели', '.']"
112,"['Живи', ',', 'другого', 'не', 'дано', '!']"
113,"['Погадай', 'мне', ',', 'цыганка', ',', 'на', 'медный', 'грош', ',', 'растолкуй', ',', 'отчего', 'умру', '.']"
114,"['Как', 'дождик', 'по', 'карнизу', 'отстучало', ',', 'а', 'может', ',', 'просто', 'не', 'было', 'его.Но', 'мальчик', 'был', ',', 'хотя', 'бы', 'для', 'порядку', ',', 'что', 'проводил', 'ладонью', 'по', 'лицу', ',', 'молчал', ',', 'стихи', 'записывал', 'в', 'тетрадку', ',', 'в', 'которых', 'строчки', 'двигались', 'к', 'концу', '.']"
115,"Похоронные трубы не переставали играть — постоянно в квартале над кем-то рыдали, рыдали."
116,"['Рукой', 'своей', 'касаюсь', 'невзначай', 'её', 'руки', '.']"
117,"['Да', 'о', 'том', ':', 'облака', 'для', 'меня', 'дурака', '.']"
118,"['Заброшенная', 'лесопилка', '.']"
119,"['Вот', 'мы', 'и', 'вышли', 'в', 'осень', 'из', 'кинозала', 'и', 'зашагали', 'по', 'длинной', 'аллее', 'жизни', '.']"
120,"['Из', 'второго', 'цеха', '—', 'гости', '.']"
121,"['И', 'да', 'не', 'дрогнула', 'б', 'рука', ',', 'сказал', ',', 'кого.Но', 'если', 'честным', 'быть', 'в', 'конце', 'и', 'до', 'конца', '—', 'лицо', 'свое', ',', 'в', 'своем', 'лице', 'лицо', 'отца.За', 'этот', 'сумрак', ',', 'этот', 'мрак', ',', 'что', 'свыше', 'сил', ',', 'я', 'так', 'люблю', 'его', ',', 'я', 'так', 'его', 'любил.Как', 'эти', 'реки', ',', 'облака', 'и', 'виражи', 'стиха', ',', 'не', 'дрогнула', 'б', 'строка', ',', 'как', 'эту', 'жизнь', '.']"
122,"['На', 'окошке', 'на', 'фоне', 'заката', 'дрянь', 'какая-то', 'желтым', 'цвела', '.']"
123,"['Станет', 'сын', 'чужим', 'и', 'чужой', 'жена', ',', 'отвернутся', 'друзья-враги', '.']"
124,"['Вот', 'и', 'стал', 'я', 'горным', 'инженером', ',', 'получил', 'с', 'отличием', 'диплом', '.']"
125,"['Приобретут', 'всеевропейский', 'лоск', 'Слова', 'трансазиатского', 'поэта', ',', 'Я', 'позабуду', 'сказочный', 'Свердловск', 'И', 'школьный', 'двор', 'в', 'районе', 'Вторчермета', '.']"
126,"['Парк', 'осенний', 'стоит', 'одиноко', ',', 'и', 'к', 'разлуке', 'и', 'к', 'смерти', 'готов', '.']"
127,"['А', 'ещё', ',', 'а', 'потом', ',', 'чтобы', 'лес', 'золотой', ',', 'голубой', 'блеск', 'реки', 'и', 'небес', '.']"
128,"['Нет', ',', 'вы', 'не', 'поняли', ',', 'есть', 'пистолет', ',', 'только', 'дома', '.']"
129,"['Восемь', 'глаз', 'печально-синих', '.']"
130,"['Было', 'много', 'утреннего', 'света', ',', 'с', 'крыши', 'в', 'руки', 'падала', 'вода', ',', 'это', 'было', 'осенью', ',', 'а', 'лето', 'я', 'не', 'вспоминаю', 'никогда', '.']"
131,"['Я', 'подарил', 'тебе', 'на', 'счастье', 'во', 'имя', 'света', 'и', 'любви', 'запас', 'ненастья', 'в', 'моей', 'крови', '.']"
132,"['И', 'вновь', 'на', 'свете', 'повторится', 'Скамейка', ',', 'счастье', 'и', 'любовь', '.']"
133,"['В', 'России', 'расстаются', 'навсегда', '.']"
134,"['Про', 'звезду', 'осеннюю', ',', 'дорогу', ',', 'синие', 'пустые', 'небеса', ',', 'про', 'цыганку', 'на', 'пути', 'к', 'острогу', ',', 'про', 'чужие', 'чёрные', 'глаза', '.']"
135,"['…И', 'поезда', 'уходят', 'под', 'откос', ',', '…И', 'самолёты', ',', 'долетев', 'до', 'звёзд', ',', 'сгорают', 'в', 'них', '.']"
136,"['Один', 'мотив', 'с', 'другим', 'мотивом', 'слился', '.']"
137,"['И', 'грустил', 'я', ',', 'спросив', 'сигарету', ',', 'что', ',', 'какая', 'б', 'любовь', 'ни', 'была', ',', 'я', 'однажды', 'сюда', 'не', 'приеду', '.']"
138,"['Что', 'ещё', ',', 'Иринушка', ',', 'не', 'знаю', ',', 'но', ',', 'наверно', ',', 'музыка', 'была', '.']"
139,"И рыдает за жутким стеной тот, кому я оставлю тебя."
140,"['Гроза', 'шуровала', 'в', 'том', 'месте', ',', 'где', 'с', 'Камой', 'сливается', 'Обью', ',', 'а', 'далее', '—', 'Волга', '.']"
141,"['Звезда', '.']"
142,"['Из', 'школьного', 'зала', '—', 'в', 'осенний', 'прозрачный', 'покой', '.']"
143,"Прихватить, что ли, туфли его в самом деле?"
144,"['Следуя', 'заданной', 'логике', ',', 'к', 'буйству', 'и', 'пьянству', 'твердой', 'рукою', 'себя', 'приучает', ',', 'и', 'тут', '—', 'видит', 'березу', 'с', 'осиной', 'в', 'осеннем', 'убранстве', ',', 'делает', 'песню', ',', 'и', 'русские', 'люди', 'поют', '.']"
145,На леса и луга надвигается траур.
146,"['Я', 'улыбнусь', ',', 'махну', 'рукой', 'подобно', 'Юрию', 'Гагарину', ',', 'со', 'лба', 'похмельную', 'испарину', 'сотру', 'и', 'двину', 'по', 'кривой.Винты', 'свистят', ',', 'мотор', 'ревет', ',', 'я', 'выхожу', 'на', 'взлет', 'задворками', '.']"
147,"['Там', 'были', 'девочки', ':', 'Маруся', ',', 'Роза', ',', 'Рая', '.']"
148,"['Венок', 'из', 'ромашек', ',', 'спортивные', ',', 'в', 'общем', ',', 'штаны', ',', 'кроссовки', 'и', 'майка', '—', 'короче', ',', 'одет', 'без', 'затей', ',', 'чтоб', 'было', 'не', 'жалко', 'отдать', 'эти', 'вещи', 'в', 'музей', '.']"
149,"['Над', 'ушами', 'и', 'носами', 'проплывали', 'небеса', '.']"
150,"['Мимо', 'кладбища', ',', 'цирка', ',', 'острога', ',', 'вез', 'меня', 'молчаливый', 'дебил', '.']"
151,"['И', 'я', 'тебя', 'целую', 'впопыхах', '.']"
152,"['Кажется', ',', 'нет.Спичка', 'плывёт', ',', 'с', 'лица', 'исчезает', 'истома', '.']"
153,"['Я', 'вышел', 'из', 'кино', ',', 'а', 'снег', 'уже', 'лежит', ',', 'и', 'бородач', 'стоит', 'с', 'фанерною', 'лопатой', ',', 'и', 'розовый', 'трамвай', 'по', 'воздуху', 'бежит', '—', 'четырнадцатый', ',', 'нет', ',', 'пятый', ',', 'двадцать', 'пятый.Однако', 'целый', 'мир', 'переменился', 'вдруг', ',', 'а', 'я', 'все', 'тот', 'же', 'я', ',', 'куда', 'же', 'мне', 'податься', ',', 'я', 'перенаберу', 'все', 'номера', 'подруг', ',', 'а', 'там', 'давно', 'живут', 'другие', ',', 'матерятся.Всему', 'виною', 'снег', ',', 'засыпавший', 'цветы', '.']"
154,"['Мальчишкой', 'в', 'серой', 'кепочке', 'остаться', ',', 'самим', 'собой', ',', 'короче', 'говоря', '.']"
155,"['Осыпаются', 'алые', 'клёны', ',', 'полыхают', 'вдали', 'небеса', ',', 'солнцем', 'розовым', 'залиты', 'склоны', '—', 'это', 'я', 'открываю', 'глаза', '.']"
156,"['Вслед', 'за', 'ним', 'устремляются', 'трое', '.']"
157,"['Оставь', 'меня', 'и', 'музыку', 'включи', '.']"
158,"['Читали', 'наизусть', 'Виталия', 'Кальпиди', '.']"
159,"['Ты', 'не', 'помнишь', 'этого', 'дождя', '!']"
160,"['Пьет', 'пиво', 'из', 'литровой', 'банки', ',', 'как', 'будто', 'в', 'пиве', 'есть', 'покой', '.']"
161,"['Она', 'откроет', 'голубой', 'альбом', ',', 'Где', 'лица', 'наши', 'будущим', 'согреты', ',', 'Где', 'живы', 'мы', ',', 'в', 'альбоме', 'голубом', ',', 'Земная', 'шваль', ':', 'бандиты', 'и', 'поэты', '.']"
162,"Плыли угары из труб, и летели кругом облака."
163,"['Я', 'по', 'снам', 'по', 'твоим', 'не', 'ходил', 'и', 'в', 'толпе', 'не', 'казался', ',', 'не', 'мерещился', 'в', 'сквере', ',', 'где', 'лил', 'дождь', ',', 'верней', '—', 'начинался', 'дождь', '(', 'я', 'вытяну', 'эту', 'строку', ',', 'а', 'другой', 'не', 'замечу', ')', ',', 'это', 'блазнилось', 'мне', ',', 'дураку', ',', 'что', 'вот-вот', 'тебя', 'встречу', ',', 'это', 'ты', 'мне', 'являлась', 'во', 'сне', ',', '(', 'и', 'меня', 'заполняло', 'тихой', 'нежностью', ')', ',', 'волосы', 'мне', 'на', 'висках', 'поправляла', '.']"
164,"['Если', 'в', 'прошлое', ',', 'лучше', 'трамваем', 'со', 'звоночком', ',', 'поддатым', 'соседом', ',', 'грязным', 'школьником', ',', 'тётей', 'с', 'приветом', ',', 'чтоб', 'листва', 'тополиная', 'следом', '.']"
165,"['Через', 'пять', 'или', 'шесть', 'остановок', 'въедем', 'в', 'восьмидесятые', 'годы', ':', 'слева', '—', 'фабрики', ',', 'справа', '—', 'заводы', ',', 'не', 'тушуйся', ',', 'закуривай', ',', 'что', 'ты', '.']"
166,"['Как', 'портаки', 'на', 'западных', 'пластинках', ',', 'я', 'изучил', 'все', 'корни', 'на', 'тропинках', '.']"
167,"['Иванов', ',', 'Синицын', ',', 'Лейкин', ',', 'Жаров', ':', 'вор', 'или', 'бандит', '?']"
168,"А потом загремит дядька Саша, и вновь дядька посева в драной майке на лестнице : так, мол, Бориска, и так, если кто обижает, скажи."
169,"['Я', 'придумал', 'его', ',', 'потому', 'что', 'поэту', 'не', 'в', 'кайф', 'без', 'героя.Я', 'его', 'сочинил', 'от', 'уста-', 'лости', ',', 'что', 'ли', ',', 'еще', 'от', 'желанья', 'быть', 'услышанным', ',', 'что', 'ли', ',', 'чита-', 'телю', 'в', 'кайф', ',', 'грехам', 'в', 'оправданье.Он', 'бездельничал', ',', '«', 'Русскую', '»', 'пил', ',', 'он', 'шмонался', 'по', 'паркам', 'туманным', '.']"
170,"['А', 'куда', 'приехало', '?']"
171,"['И', 'пусть', 'себе', 'по', 'скверу', 'шкандыбает', ',', 'пусть', 'курит', '«', 'Приму', '»', 'или', '«', 'Беломор', '»', '.']"
172,"['Прощай', ',', 'земное', '!']"
173,"['Пусть', 'станут', 'чёрными', 'леса', '.']"
174,"['На', 'спину', '«', 'Levi', '’', 's', '»', 'пришпандорено', ',', '«', 'West', 'Island', '»', 'на', 'рукав', 'пришпилено', '.']"
175,"['А', 'кони', ',', 'кони', '!', '»', '.']"
176,"['Скучая', ',', 'я', 'вставал', 'из-за', 'стола', 'и', 'шел', 'читать', 'какого-нибудь', 'Кафку', ',', 'жалеть', 'себя', 'и', 'сочинять', 'стихи', 'под', 'Бродского', ',', 'о', 'том', ',', 'что', 'человек', ',', 'конечно', ',', 'одиночество', 'в', 'квадрате', ',', 'нет', ',', 'в', 'кубе', '.']"
177,"['Ай', ',', 'стареющий', 'мальчик', ',', 'мне', ',', 'эпигону', ',', 'мне', 'выпало', 'такое', 'счастье', ',', 'отпетому', 'хулигану', ',', 'любящему', '«', 'Пушторг', '»', 'и', '«', 'Лошади', 'в', 'океане', '»', ',', '—', 'ангел', 'с', 'отбитым', 'крылом', 'под', 'синим', 'дождём', 'в', 'окне', '.']"
178,"['Вот', 'бродяги-работяги', 'поправляются', 'с', 'утра', '.']"
179,"['Только', 'без', 'меня', '.']"
180,"['Что', 'написано', ',', 'по', 'крайней', 'мере', 'в', 'первых', 'строчках', ',', 'припомни', 'без', 'зла', '.']"
181,"['И', 'снова', ':', 'что', 'ты', 'смотришь', ',', 'идиот', '?']"
182,"['Хорошо', ',', 'если', 'есть', 'пистолет', ',', 'остальное', '—', 'потом', '.']"
183,"['Он', 'курит', 'неспешно', ',', 'он', 'не', 'говорит', 'ничего', '(', 'прижались', 'к', 'коленям', 'его', 'печально', 'и', 'нежно', 'козлёнок', 'с', 'барашком', ')', ',', 'и', 'слёз', 'его', 'очи', 'полны', '.']"
184,"['Хотел', 'уйти', ',', 'но', 'выпил', 'и', 'остался', 'удерживать', 'сей', 'призрачный', 'рубеж', ':', 'то', 'ангельские', 'отражать', 'атаки', ',', 'то', 'дьявольские', ',', 'охраняя', 'брешь', 'сияющую', 'в', 'беспредметном', 'мраке', '.']"
185,"['Или', 'нехотя', 'звонил', 'замужней', 'дуре', ',', 'любящей', 'стихи', 'под', 'Бродского', ',', 'а', 'заодно', 'меня', '—', 'какой-то', 'экзотической', 'любовью', '.']"
186,"['Над', 'могилою', 'Романа', 'только', 'синий', 'свет', '.']"
187,"['Тебе', 'уже', 'вставать', ',', 'а', 'мне', 'пора', 'ложиться', 'спать.А', 'то', 'б', 'взяла', 'стишок', ',', 'и', 'так', 'сказала', 'мне', ':', 'дурак', ',', 'тут', 'что-то', 'очень', 'Пастернак', ',', 'фигня', ',', 'короче', ',', 'мрак.А', 'я', 'из', 'всех', 'удач', 'и', 'бед', 'за', 'то', 'тебя', 'любил', ',', 'что', 'полюбил', 'в', 'пятнадцать', 'лет', ',', 'и', 'невзначай', 'отбилу', 'Гриши', 'Штопорова', ',', 'у', 'комсорга', 'школы', ',', 'блин', '.']"
188,"['Ни', 'печали', 'женской', ',', 'ни', 'печали', ',', 'горечи', ',', 'стыда', '.']"
189,— и пожинал плоды любви запретной.
190,"['И', 'чёрное', 'море', 'в', 'ответ', 'гордо', 'волнуется', ':', 'есть', 'у', 'него', 'пистолет', '!']"
191,"['Когда', 'в', 'подъездах', 'закрывают', 'двери', 'и', 'светофоры', 'смотрят', 'в', 'небеса', ',', 'я', 'перед', 'сном', 'гуляю', 'в', 'этом', 'сквере', ',', 'с', 'завидной', 'регулярностью', ',', 'по', 'мере', 'возможности', ',', 'по', 'полтора', 'часа', '.']"
192,"['За', 'магазином', 'ввечеру', 'стояли', ',', 'тихо', 'говорили', '.']"
193,"['Не', 'приеду', 'никогда', '.']"
194,"['В', 'голубом', 'от', 'дыма', 'ресторане', 'слушать', 'голубого', 'скрипача', ',', 'денежки', 'отсчитывать', 'в', 'кармане', ',', 'развернув', 'огромные', 'плеча', '.']"
195,"['Не', 'горят', 'фонари', '.']"
196,"['Где', 'и', 'с', 'кем', ',', 'и', 'когда', 'это', 'было', ',', 'только', 'это', 'не', 'я', 'сочинил', ':', 'ты', 'меня', 'никогда', 'не', 'любила', ',', 'это', 'я', 'тебя', 'очень', 'любил', '.']"
197,"['«', 'Вы', '»', 'говори', ',', 'дурак', ',', 'тому', ',', 'кто', 'зачислен', 'к', 'мертвым', ',', 'а', 'из', 'живых', 'уволен', '.']"
198,"['Будет', 'ей', 'что', 'вспомнить', 'над', 'могилой', 'её', 'Бориса', '.']"
199,"['И', 'пусть', 'себе', 'по', 'скверу', 'шкандыбает', ',', 'пусть', 'курит', '«', 'Приму', '»', 'или', '«', 'Беломор', '»', '.']"
200,"['Лучше', 'гнить', 'в', 'гробе', '.']"
201,"['Выходил', 'я', 'один', 'на', 'дорогу', ',', 'чуть', 'шатаясь', ',', 'мотор', 'тормозил', '.']"
202,"['В', 'одних', 'и', 'тех', 'же', 'брюках', 'и', 'ботинках', ',', 'один', 'и', 'тот', 'же', 'выдыхая', 'дым', '.']"
203,"['Я', ',', 'представляющий', 'шпану', 'спортсмен-полудебил.Зачем', 'тогда', 'он', 'не', 'припёр', 'меня', 'к', 'стене', ',', 'мой', 'свет', '?']"
204,"['С', 'голубизной', 'мешалось', 'серебро', ',', 'мешалось', 'серебро', 'с', 'голубизною', '.']"
205,"['Перед', 'кем', 'вина', '?']"
206,"['Трепетала', 'надменная', 'бровка', ',', 'матерок', 'с', 'алой', 'губки', 'слетал', '.']"
207,"['Дай', 'нищему', 'на', 'опохмелку', 'денег', '.']"
208,"['Я', ',', 'детка', ',', 'обниму', 'тебя', ',', 'и', 'вот', ',', 'прожекторы', 'осветят', 'наши', 'лица', '.']"
209,"['Не', 'стесняясь', ',', 'подойду', 'поближе', 'поблагодарить', 'тебя', 'за', 'то', ',', 'что', 'когда', 'на', 'целом', 'белом', 'свете', 'та', 'зима', 'была', 'белым-бела', ',', 'той', 'зимой', ',', 'когда', 'мы', 'были', 'дети', ',', 'ты', 'не', 'умирала', ',', 'а', 'жила', ',', 'и', 'потом', ',', 'когда', 'тебя', 'не', 'стало', ',', '—', 'не', 'всегда', ',', 'но', 'в', 'самом', 'ярком', 'сне', '—', 'ты', 'не', 'стала', 'облаком', ',', 'а', 'стала', 'сниться', 'мне', ',', 'ты', 'стала', 'сниться', 'мне', '.']"
210,"Описав бы все это, с « Памиром » в перстах на века в чёрного бронзе застыть над Свердловском, да на кукишей я нужен."
211,"['И', 'был', 'я', 'так', 'молод', ',', 'когда', '—', 'то', 'надменно', ',', 'то', 'нежно', ',', 'то', 'грубо', ',', 'то', 'жалобно', ',', 'то', 'виновато…', 'Ерёменко', 'медные', 'трубы', '!']"
212,Среди прононса свердловского пили пиво в парку названия Маяковского.
213,"['Убита', 'пятая', 'бутылка', '.']"
214,"['На', 'прощанье', 'страшнее', 'рассвет', ',', 'чем', 'закат', '.']"
215,"['Ночь', '.']"
216,"['Что', 'ж', 'вы', 'не', 'взяли', '?']"
217,"['Боже', 'мой', '!']"
218,"Многократно все это еще мне приснится : колокольчики чая, лик проводницы, подозрительный к обращению на « вы ».Прячет туфли под полку седой подполковник да супружнику подмигивает : уголовник!"
219,"['И', ',', 'предвкушая', 'вечную', 'разлуку', ',', 'не', 'оттолкнет', '.']"
220,"['Над', 'домами', ',', 'домами', ',', 'домами', 'голубые', 'висят', 'облака', '—', 'вот', 'они', 'и', 'останутся', 'с', 'нами', 'на', 'века', ',', 'на', 'века', ',', 'на', 'века', '.']"
221,И женщина хрипло кричит из окна : они же его убьют.
222,"['И', 'глаза', 'закрытые', 'Артема', 'видят', 'сон', 'о', 'том', ',', 'что', 'навсегда', 'я', 'пришел', 'и', 'не', 'уйду', 'из', 'дома…', 'И', 'горит', 'осенняя', 'звезда', '.']"
223,"['Провожая', ',', 'не', 'пускали', ',', 'подарили', 'мне', 'цветок.Закурил', 'и', 'удалился', 'твёрдо', ',', 'холодно', ',', 'хотя', 'уходя', ',', 'остановился', '—', 'оглянуться', ',', 'уходя.О', ',', 'как', 'ярок', 'свет', 'в', 'окошке', 'на', 'десятом', 'этаже', '.']"
224,"['Как', 'старики', ',', 'как', 'ангелы', ',', 'как', 'дети', ',', 'мы', 'будем', 'жить', 'одни', 'на', 'целом', 'свете', '.']"
225,"Женя, что ли, что бегал за водярой и Багрицкого знал наизусть… Кто мой зажигалку отмел?"
226,"['Былая', 'школьница', ',', 'по', 'плану', '—', 'У', 'нас', 'развод', ',', 'да', 'будет', 'так', '.']"
227,"['За', 'Обью', '—', 'Кама', ',', 'за', 'Камою', '—', 'Волга', '.']"
228,"['И', 'трехрублевка', ',', 'что', 'надорвана', ',', 'изъята', 'у', 'Серёги', 'Жилина', '.']"
229,"['«', 'Душа', 'моя', ',', 'приеду', '»', '.']"
230,"« всех попишу, — начинает он тихо, потом орет : быдла! » Развязно со всех сторон обступает его народ.Забирают топор, говорят « ну вот! », бьют коленом в нутро."
231,"['Я', 'верю', ',', 'мы', 'живем', 'по', 'кругу', ',', 'не', 'умираем', 'никогда', '.']"
232,"['В', 'черную', 'ночь', 'уходит', 'в', 'белом', 'плаще', ',', 'вообще', 'одинок', ',', 'одинок', 'вообще', '.']"
233,"За стеной — дребезжанье гитары, льется песнь, подпевают певцу захмелевшие здорово пары — да и впрямь, ночь подходит к концу.Представляю себе идиота, оптимиста, любовника : так батькины же не спеть, коль ловля?"
234,"['Под', 'утро', 'я', 'проснусь', 'и', 'сквозь', 'рваньё', 'тумана', ',', 'тоску', 'и', 'тошноту', ',', 'увижу', 'за', 'окном', ':', 'изрядная', 'река', ',', 'её', 'названье', '—', 'Кама', '.']"
235,"['Зафыркал', 'смрадно', '.']"
236,"['Там', ',', 'за', 'окном', ',', 'росли', 'большие', 'ели', '—', 'деревья', 'бора.План', 'бегства', 'из', 'больницы', 'при', 'пожаре', 'и', 'все', 'такое', '.']"
237,"['На', 'заре', 'гагару', 'подстрелили', '.']"
238,"['Только', 'надо', 'крепче', 'тебя', 'обнять', 'и', 'потом', 'ладоней', 'не', 'отнимать', 'сквозь', 'туман', 'и', 'дождь', ',', 'через', 'сны', 'и', 'сны', '.']"
239,"['А', 'право', ',', 'было', 'б', 'шороху', 'в', 'отчизне', ',', 'когда', 'б', 'подобны', 'почести', '—', 'при', 'жизни…', 'Хотя', ',', 'возможно', ',', 'это', 'перебор', '.']"
240,"['У', 'памяти', 'на', 'самой', 'кромке', 'и', 'на', 'единственной', 'ноге', 'стоит', 'в', 'ворованной', 'дубленке', 'Василий', 'Кончев', '—', 'Гончев', ',', '«', 'Ге', '»', '!']"
241,"['Вот', 'моя', 'строка', ':', 'без', 'меня', 'отчаливайте', ',', 'хватит', '—', 'небо', ',', 'облака', '!']"
242,"И то сказать : пришёл в одних хороняках с носками, кровь хрустела на зубах, нога недомогала, грезились могилы.Ну, подождал, пока сойдет отёк."
243,"['О', 'как', 'досадно', 'было', ',', 'но', 'все', 'в', 'памяти', 'освещено', 'каким-то', 'жалостливым', 'светом', '.']"
244,А во дворе весна.Белые яблони.
245,"['Ширяться', 'дурью', ',', 'пить', 'вино', 'в', 'поселок', 'покачу', 'цыганский', '.']"
246,"['Вина', '.']"
247,"['Не', 'вели', 'бухого', 'до', 'кровати', '.']"
248,"['Снег', 'за', 'окном', 'торжественный', 'и', 'гладкий', ',', 'пушистый', ',', 'тихий', '.']"
249,"['Я', 'за', 'отца', 'досматриваю', 'сны', ':', 'прозрачным', 'этим', 'озером', 'блуждаю', 'на', 'лодочке', 'дюралевой', 'с', 'двустволкой', ',', 'любовно', 'огибаю', 'камыши', ',', 'чучела', 'расставляю', ',', 'маскируюсь', 'и', 'жду', ',', 'и', 'не', 'промахиваюсь', ',', 'точно', 'стреляю', ',', 'что', 'сомнительно', 'для', 'сна', '.']"
250,"['И', 'даже', ',', 'если', 'даже', 'не', 'играли', ',', 'так', ',', 'в', 'трубы', 'дули', ',', 'но', 'не', 'извлекали', 'мелодию', ',', 'что', 'очень', 'вероятно', ',', 'пошли', 'обратно', '.']"
251,"['Вы', ',', 'Нина', ',', 'думаете', ',', 'вы', 'нужны', 'мне', ',', 'что', 'вы', ',', 'я', ',', 'увы', ',', 'люблю', 'прелестницу', 'Ирину', ',', 'а', 'вы', ',', 'увы', ',', 'не', 'таковы.Ты', 'полагаешь', ',', 'Гриня', ',', 'ты', 'мой', 'друг', 'единственный', ',', '—', 'мечты', '!']"
252,"Ты заснула, а в комнате нашего нуль отразилась в окне.Смерть на цыпочках ходит за мною, окровавленный бант теребя."
253,"['В', 'общежитии', 'жиркомбината', 'некто', 'Н.', ',', 'кроме', 'прочих', ',', 'жила', '.']"
254,"['Включили', 'новое', 'кино', ',', 'и', 'началась', 'иная', 'пьянка', '.']"
255,"['И', 'тех', ',', 'с', 'которыми', 'живу', ',', 'я', 'не', 'люблю.Просторы', ',', 'реки', ',', 'облака', ',', 'того-сего', '.']"
256,"['Уйдем', '—', 'вернемся', 'именно', 'сюда.Как', 'я', 'любил', 'унылые', 'картины', ',', 'посмертные', 'осенние', 'штрихи', ',', 'где', 'в', 'синих', 'лужах', 'ягоды', 'рябины', ',', 'и', 'с', 'середины', 'пишутся', 'стихи.Поскольку', 'их', 'начало', 'отзвучало', ',', 'на', 'память', 'не', 'оставив', 'ничего', '.']"
257,"['В', 'последнем', 'ряду', '—', 'пиво', 'и', 'сигарета', '.']"
258,"Ибо где те засранцы, чтоб походя салютовать — к горсовету спиной, глазами ко мне и рассвету?"
259,"['Целовала', 'меня', 'и', 'любила', ',', 'разливала', 'по', 'кружкам', 'вино', '.']"
260,"['Прожекторы', 'ночного', 'дискоклуба', 'гуляли', 'по', 'зеленым', 'облакам.Тогда', 'мне', 'было', 'восемнадцать', 'лет', ',', 'я', 'пьяный', 'был', ',', 'я', 'нес', 'изящный', 'бред', ',', 'на', 'фоне', 'безупречного', 'заката', 'шатался', '—', 'полыхали', 'облака', '—', 'и', 'материл', 'придурка', 'азиата', ',', 'сжав', 'кулаки', 'в', 'карманах', 'пиджака.Где', 'ты', ',', 'где', 'азиат', ',', 'где', 'тот', 'пиджак', '?']"
261,"Плевать, если знаешь, что было со мной, что будет со мной."
262,"['Вдруг', 'вспомнятся', 'восьмидесятые', 'с', 'толпою', 'у', 'кинотеатра', '«', 'Заря', '»', ',', 'ребята', 'волосатые', 'и', 'оттепель', 'в', 'начале', 'марта', '.']"
263,"['Дали', 'водки', ',', 'целовали', ',', 'обнимали', ',', 'сбили', 'с', 'ног', '.']"
264,"['И', 'беспокоен', 'мой', 'покой', ',', 'и', 'счастье', 'счастья', 'не', 'приносит.На', 'землю', 'падает', 'листва', ',', 'но', 'долго', 'кружится', 'вначале', '.']"
265,"['Жизнь', 'бесполезна', 'и', 'черна', '.']"
266,"['Летят', 'снежинки', 'аккуратные', '.']"
267,"['Типа', 'чести', 'невольник', '.']"
268,"['Приехали', '.']"
269,"['Представь', 'себе…', 'А', 'впрочем', ',', 'что', 'ты', 'знаешь', 'про', 'наши', 'про', 'охотничьи', 'дела', '!']"
270,Только чей-то локоточек пошатнул часы песочные.
271,"['Есть', 'у', 'меня', 'дружок', 'Вано', 'и', 'адресок', 'его', 'жиганский', '.']"
272,"['Свалка', 'памяти', ',', 'разное', ',', 'разное', '.']"
273,"['Больше', 'черного', 'горя', ',', 'поэт', '.']"
274,"['И', 'я', 'услышу', 'поутру', ',', 'очнувшись', 'головой', 'на', 'свае', ':', 'трамваи', 'едут', 'по', 'нутру', ',', 'под', 'мостом', 'дребезжат', 'трамваи', '.']"
275,"['Исчезли', 'фартучки', ',', 'манжеты', ',', 'А', 'с', 'ними', 'весь', 'ажурный', 'мир', '.']"
276,"['Вот', 'с', 'корзинами', 'маячат', 'бабки', ',', 'дети-грибники', '.']"
277,"['Я', 'шел', 'за', 'снегом', ',', 'размышляя', 'о', 'бог', 'знает', 'чем', ',', 'березы', 'шли', 'за', 'мною', '.']"
278,"['С', 'какой', 'перемены', 'в', 'каком', 'направленье', 'уйти', '?']"
279,"['Ты', ',', 'отворачиваясь', ',', 'прячешь', 'слезы', '.']"
280,"['Из', 'окошка', 'взгляну', 'на', 'газон', 'и', 'обрубок', 'куста', '.']"
281,"['Много', 'было', 'всего', ',', 'музыки', 'было', 'много', ',', 'а', 'в', 'кинокассах', 'билеты', 'были', 'почти', 'всегда', '.']"
282,"['Про', 'те', 'же', 'самые', 'чувства', 'показывало', 'искусство', ',', 'про', 'этот', 'самый', 'парк', 'отдыха', ',', 'про', 'мальчика', 'на', 'руках', '.']"
283,"['А', 'ты', 'останься', 'в', 'стороне', '—', 'белей', 'черёмухой', 'в', 'окне', 'и', ',', 'не', 'дотягиваясь', ',', 'смейся', ',', 'протягивая', 'руку', 'мне', '.']"
284,"['Меня', 'обуют', 'на', 'мосту', 'три', 'ухаря', 'из', 'ППС', '.']"
285,"['Как', 'Пушкин', ',', 'курил', 'у', 'плетня', 'с', 'мужиками', ',', 'и', 'было', 'мне', 'так', 'безотрадно', 'и', 'горько', '.']"
286,"флаги — червлёные, скамейки — синие."
287,"Сидим вида компаньей тесным в одного пивной на Моховой.На фоне килек и стаканов сидим, не хочим встать со стулов."
288,"['Бродяга', 'на', 'скамейке', 'в', 'парке', 'спал', ',', 'постелив', 'газетный', 'лист', '.']"
289,"['Есть', 'пистолет', ',', 'чёрный', 'браунинг', 'в', 'чёрном', 'мазуте', '.']"
290,"Дай мне денежек, я двину к собору, сии свечи поставлю, отвечу благожелательном на добро."
291,"['Последняя', 'неделя', 'лета', ',', 'на', 'нас', 'глядят', 'Алена', ',', 'Света', ',', 'все', 'прыгнули', ',', 'а', 'я', 'не', 'смог', ',', 'что', 'очень', 'плохо', 'для', 'поэта', '.']"
292,"['Жаров', '.']"
293,"['На', 'скамейке', 'человек', 'какой-то', 'спит', '.']"
294,"['«', 'А', ',', 'пустяк', ',', '—', 'сказали', 'только', ',', 'выключая', 'ближний', 'свет', ',', '—', 'это', 'пьяный', 'Рыжий', 'Борька', ',', 'первый', 'в', 'городе', 'поэт', '»', '.']"
295,"['И', 'озеро', ',', 'где', 'каждый', 'островок', 'ему', 'знаком', '.']"
296,"['Но', 'стороны-то', 'две', ',', 'а', 'не', 'четыре', '.']"
297,"['В', 'стране', 'чугун', 'изрядно', 'плавится', 'и', 'проектируются', 'танки', '.']"
298,"['Тянулись', 'гружённые', 'гравием', 'баржи', '.']"
299,"['Дождь', '.']"
300,"['Летят', 'снежинки', 'аккуратные…', 'С', 'антресолей', 'достану', '«', 'ТТ', '»', ',', 'покручу-поверчу', '—', 'я', 'ещё', 'поживу', 'и', 'т.', 'д.', ',', 'а', 'пока', 'не', 'хочу', 'этот', 'свет', 'покидать', ',', 'этот', 'свет', ',', 'этот', 'город', 'и', 'дом', '.']"
301,"['Скрипки', 'ли', 'невидимые', 'пели', ',', 'или', 'что', 'иное', ',', 'если', 'взять', 'двух', 'влюблённых', 'на', 'пустой', 'аллее', ',', 'музыка', 'не', 'может', 'не', 'играть', '.']"
302,"['И', 'на', 'каждом', 'на', 'вагоне', ',', 'волей', 'вольною', 'пьяна', ',', '«', 'Приму', '»', 'ехала', 'курила', 'вся', 'свердловская', 'шпана', '.']"
303,"['И', 'позднею', 'ночью', 'на', 'тощей', 'кровати', 'я', 'думал', 'о', 'том', ',', 'что', 'кончается', 'лето', ',', 'что', 'я', 'понимаю', ',', 'что', 'не', 'виноваты', 'ни', 'те', ',', 'ни', 'другие', ',', 'что', 'песенка', 'спета', '.']"
304,"['И', 'когда', 'ты', 'плакала', 'по', 'ночам', ',', 'я', ',', 'ладони', 'в', 'мыслях', 'к', 'твоим', 'плечам', 'прижимая', ',', 'смог', 'наконец', 'понять', ',', 'понял', 'я', ':', 'ты', 'дочь', 'моя', ',', 'а', 'не', 'мать', '.']"
305,"['Тлеют', 'фары', 'италийских', '«', 'жигулей', '»', '.']"
306,"['Дождь', 'орошает', ',', 'но', 'и', 'губит', ',', 'открой', 'усталый', 'алый', 'рот', '.']"
307,"['Жалуйтесь', ',', 'читайте', 'и', 'жалейте', ',', 'греясь', 'у', 'огня', ',', 'вслух', 'читайте', ',', 'смейтесь', ',', 'слёзы', 'лейте', '.']"
308,"['Длиною', 'в', 'жизнь', 'любая', 'из', 'дорог', '.']"
309,"А идти и идти никуда ниоткуда, ожидая то хохота, то возмущения, то чуда."
310,"['Моя', 'песенка', 'спета', '.']"
311,"['Как', 'хорошо', 'мы', 'плохо', 'жили', ',', 'прикуривали', 'на', 'ветру', '.']"
312,"['Ты', 'сам-то', 'кто', '?']"
313,"['Оно', 'про', 'лето', 'было', 'кино', ',', 'про', 'счастье', ',', 'не', 'про', 'беду', '.']"
314,"['Пойдёмте', 'и', 'не', 'протестуйте', ',', 'в', 'небе', 'огромном', 'зажглась', 'сто', 'вторая', 'звезда', '.']"
315,"['Ведь', 'не', 'начнётся', 'никогда', '.']"
316,"['Рейн', 'Евгений', 'Борисыч', 'уходит', 'в', 'ночь', ',', 'в', 'белом', 'плаще', 'английском', 'уходит', 'прочь', '.']"
317,"['Мы', 'с', 'тобой', 'прокатились', 'на', 'А', 'и', 'на', 'Б', ',', 'поглядели', ',', 'кто', 'первым', 'умрёт', '.']"
318,"['Как', 'дурень', ',', 'стою', 'на', 'краю', ',', 'да', 'и', 'только', ':', 'не', 'знаю', ',', 'как', 'быть', ',', 'и', 'что', 'делать', '—', 'не', 'знаю', '.']"
319,"['Этот', 'звон', 'растягивая', ',', 'снова', 'стягивая', ',', 'можно', 'разглядеть', 'музыку', ',', 'забыться', ',', 'вставить', 'слово', ',', 'про', 'себя', 'печальное', 'напеть', '.']"
320,"['А', 'право', ',', 'было', 'б', 'шороху', 'в', 'отчизне', ',', 'когда', 'б', 'подобны', 'почести', '—', 'при', 'жизни…', 'Хотя', ',', 'возможно', ',', 'это', 'перебор', '.']"
321,"['Знать', ',', 'забрили', 'болезного', '.']"
322,"['О', ',', 'раньше', 'было', 'лучше', ',', 'чем', 'сейчас.По-доброму', ',', 'с', 'улыбкой', ',', 'как', 'во', 'сне', ':', 'и', 'чудом', 'не', 'потухла', 'папироска', ',', 'мы', 'все', 'лежим', 'на', 'площади', 'Свердловска', ',', 'где', 'памятник', 'поставят', 'только', 'мне', '.']"
323,"['Михалкова', 'ценила', 'кино', '.']"
324,На Моховой мемориальную про нас табличку забобенят.
325,"['И', 'обратно', '—', 'по', 'грязи', ',', 'с', 'водкою', 'из', 'магази…', 'Что', 'такое', '?']"
326,"['Эх', ',', 'за', 'десять', 'баксов', 'к', 'дому', 'милой', '—', 'ну', 'ты', 'и', 'придурок', ',', 'скажет', 'киса', '.']"
327,"['Не', 'в', 'плане', 'не', 'лишенной', 'красоты', ',', 'Но', 'вычурной', 'и', 'артистичной', 'позы', ',', 'А', 'потому', 'что', 'там', 'мои', 'кенты', ',', 'Их', 'профили', 'на', 'мраморе', 'и', 'розы', '.']"
328,"['Снова', 'уходила', ',', 'вишню', 'мыла', 'и', 'на', 'блюдце', 'приносила', 'мне', '.']"
329,"['А', 'то', 'еще', ',', 'что', ',', 'вопреки', 'злословью', ',', 'она', 'проста', '.']"
330,"['Мальчик-еврей', 'принимает', 'из', 'книжек', 'на', 'веру', 'гостеприимство', 'и', 'русской', 'души', 'широту', ',', 'видит', 'березы', 'с', 'осинами', ',', 'ходит', 'по', 'скверу', 'и', 'христианства', 'на', 'сердце', 'лелеет', 'мечту', '.']"
331,"['Ночь', '.']"
332,"Леонтьев, пурин и Кирдянов."
333,"['И', 'настанет', 'время', 'потом', ',', 'потом', '—', 'не', 'на', 'черно-белом', ',', 'а', 'на', 'цветном', 'фото', ',', 'не', 'на', 'фото', ',', 'а', 'наяву', 'точно', 'так', 'же', 'я', 'тебя', 'обниму', '.']"
334,"['Щекою', 'прислонясь', 'к', 'вагонному', 'окну', ',', 'я', 'думал', ',', 'как', 'ко', 'мне', 'фортуна', 'благосклонна', ':', 'и', 'заплачу', '’', 'за', 'всех', ',', 'и', 'некий', 'дар', 'верну', '.']"
335,"['Прошел', 'запой', ',', 'а', 'мир', 'не', 'изменился', '.']"
336,для чего выпускают их из будки?
337,"Не дослушаю шепота, выползу в тамбур."
338,"['Звучит', 'и', 'давит', 'на', 'виски', 'мотив', 'тоски', ',', 'мотив', 'неволи', '.']"
339,"['Восьмидесятые', ',', 'усатые', ',', 'хвостатые', 'и', 'полосатые', '.']"
340,"['За', 'Обью', '—', 'Кама', ',', 'за', 'Камою', '—', 'Волга', '—', 'по', 'небу', 'и', 'горю', 'дорога', 'сквозная', '.']"
341,"['Городок', ',', 'что', 'я', 'выдумал', 'и', 'заселил', 'человеками', ',', 'городок', ',', 'над', 'которым', 'я', 'лично', 'пустил', 'облака', ',', 'барахлит', ',', 'ибо', 'жил', ',', 'руководствуясь', 'некими', 'соображениями', ',', 'якобы', 'жизнь', 'коротка.Вырубается', 'музыка', ',', 'как', 'музыкант', 'ни', 'старается', '.']"
342,"['Кальпиди', 'так', 'Кальпиди', '.']"
343,"['Им', 'тридцать', 'с', 'гаком', ',', 'все', 'филологи', 'оне', '.']"
344,"['Врёте', '!']"
345,"['Лейкин', 'сорока', 'двух', 'лет', ',', 'на', 'ремне', 'его', '«', 'макаров', '»', '.']"
346,"['Любите', ',', 'Боря', ',', 'поэзию', '?']"
347,"['Пьют', 'и', 'плачут', ',', 'девок', 'обнимают', ',', 'снова', 'пьют', 'и', 'всё-таки', 'молчат', ',', 'головой', 'тонически', 'качают', ',', 'матом', 'силлабически', 'кричат', '.']"
348,"['А', 'относительно', 'пения', '—', 'песня', 'легко', 'то', 'форму', 'города', 'некоего', 'принимает', ',', 'то', 'повисает', 'над', 'городом', ',', 'как', 'облакo', '.']"
349,"И подступят к гортани пошлые слёзы, в утешение нового рифму даря.Это осень и слякоть, и хочется плакать, но уже без хотения в тёплого мякоть одеяла уткнуться, без « стукнуться лбом »."
350,"['Чтоб', ',', 'улыбаясь', ',', 'спал', 'пропойца', 'под', 'небом', ',', 'выпитым', 'до', 'дна', ',', '—', 'спи', ',', 'ни', 'о', 'чем', 'не', 'беспокойся', ',', 'есть', 'только', 'музыка', 'одна', '.']"
351,"['Ты', 'подурнела', ',', 'я', 'похорошел', ',', 'и', 'снов', 'моих', 'ты', 'больше', 'не', 'хозяйка', '.']"
352,"Ах, мой твоя помнит, мой благожелательный!"
353,"Гриша-поросенок выходит во двор, в правого руке топор."
354,"['Загар', 'бронёю', 'на', 'узбеке', '.']"
355,"['Больше', 'неба', ',', 'тепла', ',', 'человечности', '.']"
356,"['Сквер', 'будет', 'назван', 'именем', 'моим', '.']"
357,"['Каптерка', '.']"
358,"['А', 'там', ',', 'на', 'оставленном', 'мной', 'перевале', ',', 'как', 'в', 'песне', 'дешёвой', ',', 'что', 'душу', 'саднила', ',', 'жена', 'уходила', ',', 'друзья', 'предавали', ',', 'друзья', 'предавали', ',', 'жена', 'уходила', '.']"
359,"И права, вероятно, Ирина — чьи-то книги читал, много пил и не видел неделями сына.Так какой же полоса даны мне неведомого великодушного рукой с облаками летящими сны, с детским хохотом, с опавшей листвой."
360,Да я не о том —спит штабной подполковник на нового шинели.
361,"['И', 'ответит', 'мне', 'Женя', ',', 'берёзы', 'росток', ',', 'на', 'ладошку', 'листок', 'оброня', ':', '—', 'Поменяйся', 'тогда', 'мы', 'местами', ',', 'браток', ',', 'ты', 'со', 'мною', 'бы', 'не', 'был', 'жесток', '.']"
362,"['Мы', 'с', 'Ирою', 'К.', 'танцевали', ',', 'целуясь', 'то', 'в', 'щеки', ',', 'то', 'в', 'губы', '.']"
363,В обновы пугавшего оденут.
364,"Ну, а как?"
365,облака синие.
366,"['А', 'на', 'балконе', 'комсомолочка', 'стоит', 'немножечко', 'помята', ',', 'она', 'летала', ',', 'как', 'Дюймовочка', ',', 'всю', 'ночь', 'в', 'объятьях', 'депутата', '.']"
367,"['Пощечины', 'с', 'размаху', 'да', 'по', 'виску', ',', 'и', 'на', 'ее', 'плечо', ',', 'как', 'бы', 'на', 'плаху', ',', 'поклал', 'башку.Но', 'понял', 'вдруг', ',', 'трезвея', ',', 'цепенея', ':', 'жизнь', 'вообще', 'и', 'в', 'частности', ',', 'она', 'меня', 'умнее', '.']"
368,"['А', 'дело', 'в', 'том', ',', 'что', 'в', 'сентября', 'начале', 'у', 'школы', 'утром', 'ранним', 'нас', 'собрали', ',', 'и', 'музыканты', 'полное', 'печали', 'для', 'нас', 'играли', '.']"
369,"['Чтобы', 'каждый', 'остался', 'оправдан', 'и', 'чист', ',', 'чтобы', 'ангелом', 'сделался', 'гад', '.']"
370,"['Трамваи', 'дребезжат', 'бесплатные', '.']"
371,"['Можно', 'лечь', 'на', 'теплый', 'ветер', 'и', 'подумать-полежать', ':', 'может', ',', 'правда', 'нам', 'отсюда', 'никуда', 'не', 'уезжать', '?']"
372,"['Озирались', 'сонные', 'трамваи', ',', 'и', 'вода', 'по', 'мордам', 'их', 'текла', '.']"
373,"['Раздеваясь', ',', 'но', 'не', 'разуваясь', ',', 'несмешно', 'о', 'смешном', 'говорил', '.']"
374,"['Где', 'обрывается', 'память', ',', 'начинается', 'старая', 'фильма', ',', 'играет', 'старая', 'музыка', 'какую-то', 'дребедень', '.']"
375,"['И', ',', 'не', 'лишенная', 'прикрас', ',', 'хотя', 'и', 'сотканная', 'грубо', ',', 'жизнь', 'отгораживалась', 'тупо', 'рядами', 'ящиков', 'от', 'нас', '.']"
376,"['Вышел', 'месяц', 'из', 'тумана', '—', 'и', 'на', 'много', 'лет', 'над', 'могилою', 'Романа', 'синий-синий', 'свет.Свет', 'печальный', ',', 'синий-синий', ',', 'лёгкий', ',', 'неземной', 'над', 'Свердловском', ',', 'над', 'Россией', ',', 'даже', 'надо', 'мной.Я', 'свернул', 'к', 'тебе', 'от', 'скуки', ',', 'было', 'по', 'пути', ',', 'с', 'папироской', ',', 'руки', 'в', 'брюки', ',', 'говорю', ':', 'прости.Там', ',', 'на', 'ангельском', 'допросе', 'всякий', 'виноват', ',', 'за', 'фитюли-папиросы', 'не', 'сдавай', 'ребят.А', 'не', 'то', ',', 'Роман', ',', 'под', 'звуки', 'золотой', 'трубы', 'за', 'спины', 'закрутят', 'руки', 'ангелы-жлобы.В', 'лица', 'наши', 'до', 'рассвета', 'наведут', 'огни', ',', 'отвезут', 'туда', ',', 'где', 'это', 'делают', 'они.Так', 'и', 'мы', 'сойдём', 'с', 'экрана', ',', '—', 'не', 'молчи', 'в', 'ответ', '.']"
377,"['И', 'в', 'голове', 'дурные', 'мысли', ',', 'сперва', 'о', 'смерти', '—', 'до', 'хрена', ',', 'а', 'после', 'заново', 'о', 'жизни', '.']"
378,"['Всё', ',', 'что', 'умел', 'забыть', 'и', 'ненавидеть', '.']"
379,"['Лучше', 'б', 'меня', 'убили', 'дядя', 'в', 'рыжем', 'плаще', 'с', 'дядею', 'в', 'серой', 'робе', '.']"
380,"Но —за окном тополиные кроны шелестят, подпевают ему."
381,"['Фонтаном', 'грязь', 'из-под', 'колёс', '.']"
382,"['Два', 'мента', 'торчат', 'у', '«', 'скорой', '»', '.']"
383,"['Перед', 'тем', ',', 'что', 'жив', '.']"
384,"['Скажите', ',', 'что', 'такое', 'русский', 'Бог', '?']"
385,"['Что', 'же', 'касается', 'мальчика', ',', 'он', 'исчезает', '.']"
386,"['Исчезло', 'всё', ',', 'что', 'было', 'мило', ',', 'Что', 'только-только', 'началось', '—', 'Любовь', 'и', 'солнце', '—', 'мимо', ',', 'мимо', 'Скамейки', 'в', 'парке', 'пронеслось', '.']"
387,"['Приходите', 'из', 'тюрем', ',', 'вставайте', 'с', 'могил', ',', 'возвращайтесь', 'из', 'наглой', 'Москвы', '.']"
388,"['До', 'дома', 'добреду', ',', 'побряцаю', 'ключами', ',', 'по', 'комнатам', 'пройду', '—', 'прохладны', 'и', 'пусты', '.']"
389,"['Музыки', 'стало', 'мало', 'и', 'пассажиров', ',', 'ибо', 'трамвай', '—', 'в', 'депо', '.']"
390,"['Под', 'цифрой', '98', 'слова', ':', 'деревня', 'Сартасы', '.']"
391,"['Всегда', 'тоскует', 'человек', ',', 'но', 'иногда', 'тоскует', 'очень', ',', 'как', 'будто', 'он', 'тагильский', 'зек', ',', 'нет', ',', 'ивдельский', 'разнорабочий', '.']"
392,"['А', 'душу', 'мою', 'разрывали', 'Ерёменко', 'медные', 'трубы', '.']"
393,"['Это', ',', '—', 'мне', 'хотелось', 'быть', 'поэтом', ',', 'но', 'уже', 'не', 'очень', ',', 'потому', ',', 'что', 'не', 'заработаешь', 'на', 'этом', 'и', 'цветов', 'не', 'купишь', 'никому', '.']"
394,"['Отменно', 'жить', ':', 'икра', 'и', 'водка', '.']"
395,"['Привозят', 'джинсы', 'из', 'Америки', 'и', 'продают', 'за', 'пол-зарплаты', 'определившиеся', 'в', 'скверике', 'интеллигентные', 'ребята', '.']"
396,тусклого звездой освещай мой путь.
397,"['Трамваи', 'дребезжат', 'бесплатные', '.']"
398,"['Мы', 'много', 'пили', 'в', 'эту', 'осень', 'агдама', ',', 'света', 'и', 'росы', '.']"
399,"['Извращенцы', ',', 'как', 'кошмары', ',', 'прячутся', 'в', 'тени', 'аллей.Четверо', 'сидят', 'в', 'кабине', '.']"
400,"['Сесть', 'на', 'трамвай', '10-й', ',', 'выйти', ',', 'пройти', 'под', 'аркой', 'сталинской', ':', 'все', 'как', 'было', ',', 'было', 'давным-давно', '.']"
401,"['Над', 'речкой', 'с', 'татарским', 'названием', 'Обью', 'два', 'месяца', 'прожил', ',', 'а', 'может', 'быть', ',', 'дольше', ',', 'не', 'ради', 'того', ',', 'чтобы', 'жизнь', 'мою', 'снова', 'начать', ',', 'чтоб', 'былое', 'достойно', 'продолжить', '.']"
402,"['Дай', 'руку', 'мне', '—', 'мне', 'скоро', 'двадцать', 'три', '—', 'и', 'верь', 'словам', ',', 'я', 'дольше', 'продержался', 'меж', 'двух', 'огней', '—', 'заката', 'и', 'зари', '.']"
403,"['Долго', 'по', 'полу', 'кровь', 'разливается', '.']"
404,"['Он', 'говорил', ':', 'не', 'видел', 'я', 'озера', 'такого', 'наяву', 'прозрачного', ',', 'какая', 'там', 'охота', '!']"
405,"['…Но', 'мы', 'уже', 'летим', 'в', 'стеклянном', 'шаре', '.']"
406,Но кого ты обманешь!
407,"['Профиль', 'Слуцкого', 'наколот', 'на', 'седеющей', 'груди', '!']"
408,"['Я', 'у', 'Жени', 'спрошу', ',', 'я', 'поеду', 'к', 'нему', ',', 'он', 'влиятельным', 'жуликом', 'стал', '.']"
409,"слёзы, помнится, мне не давали вам стихи до оконечности дочитать.Поутру непонятки и грусть."
410,"['И', 'так', 'вольготно', 'и', 'отрадно', ',', 'что', 'деться', 'некуда', 'от', 'слёз', '.']"
411,"['А', 'когда', 'мы', 'друг', 'друга', 'покинем', ',', 'ты', 'на', 'крыльях', 'своих', 'унеси', 'только', 'пар', ',', 'только', 'белое', 'в', 'синем', ',', 'голубое', 'и', 'белое', 'в', 'си…', 'Молодость', 'мне', 'много', 'обещала', ',', 'было', 'мне', 'когда-то', 'двадцать', 'лет', '.']"
412,"['Через', 'солнце', 'Анталии', 'вышел', 'во', 'тьму', ',', 'в', 'небеса', 'на', '«', 'Рено', '»', 'ускакал', '.']"
413,"['Всё', 'в', 'черно-белом', 'цвете', ',', 'ходят', 'с', 'мамами', 'дети', ',', 'плохой', 'репродуктор', 'что-то', 'победоносно', 'поет', '.']"
414,"['До', 'пупа', 'сорвав', 'обноски', ',', 'с', 'нар', 'сползают', 'фраера', ',', 'на', 'спине', 'Иосиф', 'Бродский', 'напортачен', 'у', 'бугра', '—начинаются', 'разборки', 'за', 'понятья', ',', 'за', 'наколки.Разрываю', 'сальный', 'ворот', ':', 'душу', 'мне', 'не', 'береди', '.']"
415,"['Шарф', 'размотай', ',', 'потом', 'сними', 'перчатки', ',', 'смотри', 'не', 'плачь', '.']"
416,"['Конечно', ',', 'это', 'театрально', ',', 'и', 'театрально', ',', 'и', 'смешно', ',', 'но', 'упоительно-печально', '.']"
417,"Если в чем виноват, прости."
418,"['Это', 'шкафчик', ',', 'о', 'который', 'били', 'Костю', 'головой', '?']"
419,"['Следит', 'за', 'погрузкой', 'песка', 'на', 'раздолбанный', 'ЗИЛ', '—', 'приёмный', ',', 'но', 'любящий', 'сын', 'поэзии', 'русской', '.']"
420,"['Ерёменко', 'медные', 'трубы', 'в', 'душе', 'моей', 'детской', 'звучали', '.']"
421,"['«', 'Конечно', ',', 'я', 'приеду', '»', '.']"
422,"['Житуха-жизнь', 'плывет', 'и', 'нравится', ',', 'приходят', 'девочки', 'на', 'танцы', '.']"
423,"['И', 'звучит', 'с', 'базара', 'блатной', 'мотив', ',', 'проясняются', 'небеса', '.']"
424,"['Это', 'что-то', 'задолго', 'до', 'Блока', ',', 'это', 'мог', 'сочинить', 'Огарёв', '.']"
425,"['Я', 'на', 'крыше', 'паровоза', 'ехал', 'в', 'город', 'Уфалей', 'и', 'обеими', 'руками', 'обнимал', 'моих', 'друзей', '—', 'Водяного', 'с', 'Черепахой', ',', 'щуря', 'детские', 'глаза', '.']"
426,"['И', 'Дозморов', 'Олег', 'мне', 'говорил', ':', '«', 'Борис', ',', 'тут', 'водка', 'и', 'икра', ',', 'Кальпиди', 'так', 'Кальпиди', '.']"
427,"['На', 'пароходе', 'в', 'ночь', 'отчалить', 'полагали', ',', 'но', 'пригласили', 'нас', 'в', 'какой-то', 'важный', 'дом', '.']"
428,"['Пойду', 'в', 'общагу', 'ПТУ', ',', 'гусар', ',', 'повеса', 'из', 'повес', '.']"
429,"Сколько можно, старина, умиляться острожной балалаечной нотой с железнодорожной?"
430,"Почему мои руки разбиты, кто тот Паша, что с Ниной пришёл?"
431,"['Да', 'по', 'улице', 'вечной', 'печали', 'в', 'дом', 'родимый', ',', 'сливаясь', 'с', 'закатом', ',', 'одиночеством', ',', 'сном', ',', 'листопадом', ',', 'возвращайся', 'убитым', 'солдатом', '.']"
432,"['Кажется', ',', 'да', '.']"
433,"['И', 'наполнится', 'небо', 'огнями', '.']"
434,"['Мочи', 'его', ',', 'ребя', ',', 'он', '—', 'никто.Синий', 'луч', 'с', 'зеленцой', 'по', 'краям', 'преломляют', 'кирпичные', 'стены', '.']"
435,Дребезжат автосамосвалы.
436,"['Кружится', 'сумрачная', 'даль', '.']"
437,"['Гроб', 'вытаскивают', '—', 'блеск', '—', 'и', 'восстановлен', 'лоб', ',', 'что', 'в', 'офисе', 'ему', 'разбили', 'арматурой', '.']"
438,"['Поддав', ',', 'сонеты', 'прочитали', ',', 'сплошную', 'похабель', 'оставив', 'на', 'потом', '.']"
439,"['Мне', 'на', 'плечи', 'бросается', 'век-волкодав', ',', 'я', 'сжимаю', 'от', 'боли', 'виски', '.']"
440,"['«', 'Девочке', 'медведя', 'подарили', '»', ',', '–', 'перед', 'сном', 'читала', 'мне', 'сестра', '.']"
441,"['И', 'исчезнут', 'морщины', 'у', 'глаз', ',', 'у', 'рта', ',', 'ты', 'ребенком', 'станешь', '—', 'о', ',', 'навсегда', '!']"
442,"['Осень', ',', 'что', 'ли', '?']"
443,"['А', 'что', 'еще', '?']"
444,"['Прости', 'былому', 'хулигану', '—', 'что', 'там', '?']"
445,"['Был', 'двор', ',', 'а', 'во', 'дворе', 'качели', 'позвякивали', 'и', 'скрипели', '.']"
446,"['В', 'России', 'друг', 'от', 'друга', 'города', 'столь', 'далеки', ',', 'что', 'вздрагиваю', 'я', ',', 'шепнув', '«', 'прощай', '»', '.']"
447,"['И', 'той', 'скамейки', 'в', 'парке', 'нету', ',', 'Где', 'было', 'вырезано', '«', 'Б.Р.', '»', '.']"
448,"['Я', 'о', 'чём', '?']"
449,"['Не', 'шумит', 'дорога', '.']"
450,"['Чьи-то', 'губы', 'и', 'ладошки', 'на', 'десятом', 'этаже.И', 'пошёл', '—', 'с', 'тоскою', 'ясной', 'в', 'полуночном', 'серебре', '—', 'в', 'лабиринт', '—', 'с', 'гвоздикой', 'красной', '—', 'сам', 'чудовище', 'себе', '.']"
451,"['Можно', 'лечь', 'на', 'синий', 'воздух', 'и', 'почти', 'что', 'полететь', ',', 'на', 'бескрайние', 'просторы', 'влажным', 'взором', 'посмотреть', ':', 'лес', 'налево', ',', 'луг', 'направо', ',', 'лесовозы', ',', 'трактора', '.']"
452,"['Уркаган', ',', 'разбушлатившись', ',', 'в', 'тамбуре', 'выбивает', 'окно', 'кулаком', '(', 'как', 'Григорьев', ',', 'гуляющий', 'в', 'таборе', ')', 'и', 'на', 'стеклах', 'стоит', 'босиком', '.']"
453,"['Лучше', 'лежать', 'в', 'могиле', '.']"
454,"['Я', 'расскажу', 'тебе', ',', 'когда', 'согреюсь', ',', 'как', 'входят', 'в', 'дом', '—', 'не', 'ангелы', '—', 'врачи', 'и', 'кровь', 'мою', 'процеживают', 'через', 'тот', 'самый', 'уголь', '—', 'если', 'б', 'мир', 'сгорел', 'со', 'мною', 'и', 'с', 'тобой', '—', 'тот', 'самый', 'уголь', '.']"
455,"['Потому', 'что', 'все', 'меня', 'любили', ',', 'дерева', 'молчали', 'до', 'утра', '.']"
456,"['Поужинав', ',', 'на', 'лестничной', 'площадке', 'курили', 'психи.Стояли', 'и', 'на', 'корточках', 'сидели', 'без', 'разговора', '.']"
457,"['Роится', 'над', 'башками', 'гнусь', '.']"
458,"['С', 'плоской', '«', 'Примой', '»', 'в', 'зубах', ':', 'кому', 'в', 'бровь', ',', 'кому', 'в', 'пах', ',', 'сквозь', 'сиянье', 'вгоняя', 'во', 'тьму', '.']"
459,"['И', 'я', 'принимаю', ',', 'хотя', 'без', 'восторга', ',', 'из', 'всех', 'измерений', 'печали', '—', 'любое', '.']"
460,"['После', 'дня', 'трудового', 'над', 'могилой', 'впечатляюще', 'унылой', 'почему-то', 'плачу', 'я', ':', 'ну', ',', 'прощай', ',', 'Салимов', 'К.', 'У.', 'Снег', 'ложится', 'на', 'башку', '.']"
461,"['Такие', 'удивительные', 'мысли', 'ко', 'мне', 'приходят', 'с', 'некоторых', 'пор', '.']"
462,"['И', ',', 'небо', 'пронзая', ',', 'стояли', 'на', 'страже', 'берёзы', 'и', 'ели', 'в', 'могильном', 'покое', '.']"
463,"['Вообще', 'одинок', ',', 'как', 'разбитый', 'полк', ':', 'ваш', 'Петербург', 'больше', 'похож', 'на', 'Нью-Йорк', '.']"
464,батькины так галдят аониды?
465,"['«', 'Дай', 'капельку', 'сотру', '»', '.']"
466,"['Пусть', 'ангел', 'смерти', ',', 'как', 'в', 'кино', ',', 'то', 'яду', 'подольёт', 'в', 'вино', ',', 'то', 'жизнь', 'мою', 'перетасует', 'и', 'крести', 'бросит', 'на', 'сукно', '.']"
467,0
468,"['Дождь', ',', 'дождь', 'идет', ',', 'достанем', 'зонтик', ',', '—', 'на', 'много', ',', 'много', ',', 'много', 'лет', 'вот', 'этот', 'дождик', 'тебе', ',', 'мой', 'свет', '.']"
469,"['А', 'ты', 'опять', 'же', 'преградишь', 'мне', 'путь', ',', 'ты', 'закричишь', ',', 'ты', 'кинешься', 'на', 'грудь', ',', 'ты', 'приведешь', 'меня', 'в', 'свою', 'общагу', '.']"
470,"['Мне', 'пора', 'возвращаться', 'назад', '.']"
471,"['Я', 'помню', 'всё', ',', 'хоть', 'многое', 'забыл', ',', '—', 'разболтанную', 'школьную', 'ватагу', '.']"
472,"['Мотив', 'умолкнет', ',', 'схлынет', 'мрак', ',', 'как', 'бы', 'конкретно', 'ни', 'мутило', ',', 'но', 'надо', ',', 'чтобы', 'на', 'крайняк', 'у', 'человека', 'что-то', 'было', '.']"
473,"['Вот', 'мы', 'сидим', 'в', 'кафе', 'и', 'глядим', 'в', 'окно', ':', 'Рыжий', 'Б.', ',', 'Леонтьев', 'А.', ',', 'Дозморов', 'О.', 'Вспомнить', 'пытаемся', 'каждый', 'любимый', 'жест', ':', 'как', 'матерится', ',', 'как', 'говорит', ',', 'как', 'ест', '.']"
474,"['Мой', 'герой', 'ускользает', 'во', 'тьму', '.']"
475,"['Зелёный', 'змий', 'мне', 'преградил', 'дорогу', 'к', 'таким', 'непоборимым', 'высотам', ',', 'что', 'я', 'твержу', 'порою', ':', 'слава', 'богу', ',', 'что', 'я', 'не', 'там', '.']"
476,"['Я', 'никогда', 'не', 'сяду', 'в', 'первом', 'ряду', '.']"
477,"['Меж', 'правдою', 'и', 'вымыслом', 'слоняться', 'по', 'облетевшим', 'листьям', 'сентября.Скамейку', 'выбирая', ',', 'по', 'аллеям', 'шататься', ',', 'ту', ',', 'которой', 'навсегда', 'мы', 'прошлое', 'и', 'будущее', 'склеим', '.']"
478,"['Олег', ',', 'я', 'ошалел', 'от', 'водки', 'и', 'свободы', ',', 'и', 'истина', 'твоя', 'уже', 'открылась', 'мне', '.']"
479,Где разжиться спасительной соткой?
480,"['Это', 'было', 'над', 'Камой', 'крылатою', ',', 'сине-черною', ',', 'именно', 'там', ',', 'где', 'беззубую', 'песню', 'бесплатную', 'пушкинистам', 'кричал', 'Мандельштам', '.']"
481,"['Почти', 'что', 'новый', '«', 'Беларусь', '»', '.']"
482,"Я по листам сухой не бродил с сыном за руку, за облаками, обретая покой, не наблюдал, не аллеями шёл, а дворами.Только в песнях мучился и любил."
483,"['Пришла', 'музыка', ',', 'кончились', 'слова', '.']"
484,"['Принимай', 'без', 'снобизма', '—', 'и', 'песни', 'и', 'слезы', 'мои', '.']"
485,"['Я', 'прошел', 'по', 'касательной', ',', 'но', 'не', 'вразрез', 'с', 'небесами', '.']"
486,"['Отвечает', 'цыганка', ',', 'мол', ',', 'ты', 'умрёшь', ',', 'не', 'живут', 'такие', 'в', 'миру', '.']"
487,"['Пускай', 'тогда', ',', 'когда', 'затылком', 'стукну', 'по', 'днищу', 'гроба', ',', 'в', 'подземелье', 'рухну', ',', 'заплаканные', 'свердловчане', 'пусть', 'нарядят', 'механическую', 'куклу', 'в', 'мое', 'шмотье', ',', 'придав', 'движеньям', 'грусть', '.']"
488,"['Ступай', ',', 'он', 'рек', ',', 'вали', 'и', 'жги', 'глаголом', 'сердца', 'людей', ',', 'простых', 'Марусь', 'и', 'Вась', ',', 'раз', 'в', 'месяц', 'наливаясь', 'алкоголем', ',', 'неделю', 'квась', '.']"
489,"['Под', 'окном', ',', 'как', 'архангел', ',', 'сигналит', 'таксист', '.']"
490,"['Ни', 'для', 'чего', 'и', 'низачем', ',', 'а', 'просто', 'так', 'и', 'между', 'тем', 'оставь', 'меня', ',', 'когда', 'мне', 'больно', ',', 'уйди', ',', 'оставь', 'меня', 'совсем', '.']"
491,"['И', 'ты', 'со', 'мной', '—', 'дай', 'руку', 'мне', '—', 'и', 'ты', 'теперь', 'со', 'мной', ',', 'но', 'я', 'боюсь', 'увидеть', 'глаза', ',', 'улыбку', ',', 'облако', ',', 'цветы', '.']"
492,"['Это', 'наша', 'с', 'тобой', 'остановка', ':', 'там', '—', 'плакаты', ',', 'а', 'там', '—', 'транспаранты', ',', 'небо', 'синее', ',', 'красные', 'банты', ',', 'чьи-то', 'похороны', ',', 'музыканты', '.']"
493,"['А-ну', ',', 'давай-ка', ',', 'ай-люли', ',', 'в', 'кабину', 'лезь', 'и', 'не', 'юли', ',', 'рули', 'вдоль', 'склона', 'неуклонно', ',', 'до', 'неба', 'синего', 'рули', '.']"
494,"['Пред', 'тобой', 'одной', 'я', 'не', 'знал', 'вины', '.']"
495,"Так сказать, надо факты связать — выпивали в тоске и грусти."
496,"['Он', 'точно', 'знал', ',', 'что', 'я', 'боксёр', '.']"
497,"['Я', 'читал', 'ей', 'о', 'жизни', 'поэта', ',', 'четко', 'к', 'смерти', 'поэта', 'клоня', '.']"
498,"['Навеки', 'влюбленные', ',', 'в', 'клубе', 'мы', 'с', 'Ирою', 'К.', 'танцевали', '.']"
499,"['На', 'вокзале', 'стоят', 'поезда', '—', 'ну', ',', 'пора', '.']"
500,"['Как', 'говорить', 'о', 'Бродском', 'при', 'нем', 'нельзя', '.']"
501,"['И', 'листья', 'заново', 'взлетят', ',', 'и', 'станут', 'падать', 'и', 'кружиться', '.']"
502,"Где качели с каруселями, мотодромы с автодромами — мы на корточки присели, мы любовались панорамою."
503,"['Завидуешь', 'мне', ',', 'зависть', '—', 'это', 'дурно', ',', 'а', 'между', 'тем', 'есть', 'чему', 'позавидовать', ',', 'мальчик', ',', 'на', 'самом', 'деле', '—', 'я', 'пил', ',', 'я', 'беседовал', 'запросто', 'с', 'героем', 'его', 'поэм', 'в', 'выдуманном', 'им', 'городе', ',', 'в', 'придуманном', 'им', 'отеле', '.']"
504,"Ну, пока, молодость, говорю, прощай."
505,"['Леонтьев', ',', 'Дозморов', 'и', 'Лузин', ',', 'вот', ',', 'Гриня', ',', 'все', 'мои', 'кенты.Леонтьев', '—', 'гений', 'и', 'поэт', ',', 'и', 'Дозморов', ',', 'базару', 'нет', ',', 'поэт', ',', 'а', 'Лузин', '—', 'абсолютный', 'на', 'РТИ', 'авторитет', '.']"
506,"На поэзии россиянина появляется тесный очень точный узорец восточный, растворяется старый — безнадёжный, небрежный."
507,"['И', 'сколько', 'б', 'он', 'ни', 'лил', ',', 'ни', 'плакал', ',', 'ты', 'стороною', 'не', 'пройдешь…', 'Накинь', ',', 'мой', 'ангел', ',', 'мой', 'макинтош', '.']"
508,"['Тайга', '—', 'по', 'центру', ',', 'Кама', '—', 'с', 'краю', ',', 'с', 'другого', 'края', ',', 'пьяный', 'в', 'дым', ',', 'с', 'разбитой', 'харей', ',', 'у', 'сарая', 'стою', 'с', 'Григорием', 'Данским', '.']"
509,"['Как', 'будто', 'кончено', 'сраженье', ',', 'и', 'мы', ',', 'прожжённые', ',', 'летим', ',', 'прорвавшись', 'через', 'окруженье', ',', 'к', 'своим', '.']"
510,"['Не', 'вышло', 'из', 'меня', 'поэта', ',', 'чёрт', 'побери', '!']"
511,"['13', 'лет', '.']"
512,"['На', 'фоне', 'развернувшихся', 'небес', 'шел', 'первый', 'снег', ',', 'и', 'сердцу', 'было', 'грустно', '.']"
513,"Да, наверное, все это — угар без огня и актерство : слоняться, дышать перегаром."
514,"['И', 'жизнь', 'пройдет', '.']"
515,"['Скверик', 'возле', 'магазина', '«', 'соки-воды', '»', '.']"
516,"['Моют', 'хмурые', 'ребята', 'мотоциклы', 'у', 'реки', '.']"
517,"['Браунинг', '?']"
518,"['Но', 'раз', 'в', 'полгода', 'куклу', 'убирают', ',', 'и', 'с', 'Лузиным', 'Серегой', 'запивает', 'толковый', 'опустившийся', 'актер', '.']"
519,"['Подыграй', 'на', 'зубах', 'этим', 'дядям', 'и', 'отчаль', 'под', 'красивые', 'звуки', ',', 'куртка', 'кожаная', ',', 'руки', 'в', 'брюки', ',', 'да', 'по', 'улочке', 'вечной', 'разлуки', '.']"
520,"['Иванов', '.']"
521,"['Всем', 'все', 'равно', 'куда', ',', 'а', 'мне', '—', 'подавно', ',', 'куда', 'угодно', '.']"
522,"['Он', 'потерял', 'протез', 'по', 'пьянке', ',', 'а', 'с', 'ним', 'ботинок', 'дорогой', '.']"
523,"золотые картины : зеленеют долины, синих возвышений голубеют вершины, свет с востока, востока, от порога до божества пролегает дорога полого."
524,"['Жизнь', '—', 'суть', 'поэзия', ',', 'а', 'смерть', '—', 'сплошная', 'проза', '.']"
525,"['В', 'одних', 'и', 'тех', 'же', 'брюках', 'и', 'ботинках', ',', 'один', 'и', 'тот', 'же', 'выдыхая', 'дым', '.']"
526,Нагловатая малодушие в глазах татарвы.
527,"['Чтоб', 'летели', 'кругом', 'облака', '.']"
528,"['Мы', 'целовались', 'тут', 'пять', 'лет', 'назад', ',', 'и', 'пялился', 'какой-то', 'азиат', 'на', 'нас', 'с', 'тобой', '—', 'целующихся', '—', 'тупо', 'и', 'похотливо', ',', 'что', 'поделать', '—', 'хам', '!']"
529,"['Милицанеры', 'парки', ',', 'улицы', 'и', 'скверы', 'объезжают', '.']"
530,"['Не', 'безысходный', '—', 'трогательный', ',', 'словно', 'пять', 'лет', 'назад', ',', 'отметить', 'надо', 'дождик', 'безусловно', 'и', 'листопад.Пойду', ',', 'чтобы', 'в', 'лицо', 'летели', 'листья', ',', '—', 'я', 'так', 'давно', 'с', 'предсмертною', 'разлукою', 'сроднился', ',', 'что', 'все', 'равно.Что', 'даже', 'лучше', 'выгляжу', 'на', 'фоне', 'предзимних', 'дней', '.']"
531,"Их поймали, и не некому стало меня защищать."
532,"['Осталась', 'глупая', 'досада', '—', 'И', 'тихо', 'злит', 'меня', 'опять', 'Не', 'то', ',', 'что', 'говорить', 'не', 'надо', ',', 'А', 'то', ',', 'что', 'нечего', 'сказать', '.']"
533,"['Откуда', 'это', '?']"
534,"А из ноги я выгоду достал : я трость себе купил и с тростью сего прекрасного ходил туда-сюда, как некий князь, и нравился — о да!"
535,"['Больше', 'черного', 'горя', ',', 'поэт', '.']"
536,"['И', 'вспоминается', 'Полонский', '.']"
537,"['На', 'такси', 'до', 'родимых', 'трущоб', 'доберусь', ',', 'попрошу', ',', 'чтобы', 'ждали', 'внизу', '.']"
538,"['Уж', 'убран', 'с', 'поля', 'начисто', 'турнепс', 'и', 'вывезены', 'свекла', 'и', 'капуста', '.']"
539,Лает пёс.
540,"Я фунциклировал на драге в посёлке Кытлым, о чем позже скажу в пышного прозе, — корешился с ушедшим в народ мафиозник, любовался с буфетчицей небом ночным."
541,"['Молча', 'пьют', 'и', 'плачут', 'господа', '.']"
542,"['а', 'я', 'реву', 'от', 'этой', 'жалкой', 'прозы', ',', 'лица', 'не', 'пряча', ',', 'сердца', 'не', 'тая', '.']"
543,"['Прежде', 'чем', 'на', 'тракторе', 'разбиться', ',', 'застрелиться', ',', 'утонуть', 'в', 'реке', ',', 'приходил', 'лесник', 'опохмелиться', ',', 'приносил', 'мне', 'вишни', 'в', 'кулаке', '.']"
544,"['Помнишь', 'дождь', 'на', 'улице', 'Титова', ',', 'что', 'прошел', 'немного', 'погодя', 'после', 'слёз', 'и', 'сказанного', 'слова', '?']"
545,"['Он', 'в', 'куртке', 'наголо', 'сидит', ',', 'в', 'трико', 'и', 'тапках', 'у', 'подъезда', ',', 'на', 'куст', 'рыдающий', 'глядит', ',', 'а', 'жизнь', 'темна', 'и', 'неуместна', '.']"
546,"['Пусть', 'опустеют', 'небеса', '.']"
547,"['Патронташ', 'повесив', 'в', 'коридоре', ',', 'привозил', 'отец', 'издалека', 'с', 'камышами', 'синие', 'озера', ',', 'белые', 'в', 'озерах', 'облака', '.']"
548,"['Ничего', 'действительно', 'не', 'надо', ',', 'что', 'ни', 'назови', ':', 'ни', 'чужого', 'яблоневого', 'сада', ',', 'ни', 'чужой', 'любви', ',', 'что', 'тебя', 'поддерживает', 'нежно', ',', 'уронить', 'боясь', '.']"
549,"Вот и лупит по струнам дурак.Эта песнь, он сам ее разве сочинил, разве слышал в кино, ибо я ничего безобразней сего песни не слыхивал."
550,"['Прощай', ',', 'любовь', '!']"
551,"['И', 'смерть', 'наступит', '.']"
552,"['Всё', ',', '—', 'о', 'жизни', 'поэзии', ',', 'о', 'судьбе', 'человека', 'больше', 'думать', 'не', 'надо', ',', 'присядь', ',', 'закури', 'не', 'спеша', '.']"
553,"['Затарахтел', '.']"
554,"Отделали что надо, аж губа отвисла эдак."
555,"['Пожалуй', 'так', 'оно', ',', 'однако', 'гляди', 'сюда', ',', 'какими', 'лейблами', 'расписана', 'моя', 'телага', '.']"
556,"['Мальчику', 'полнеба', 'подарили', ',', 'сумрак', 'елей', ',', 'золото', 'берез', '.']"
557,"['Какая', 'малость', ',', 'милость', ',', 'что', 'за', 'грусть', '—', 'мы', 'насовсем', 'прощаемся', '.']"
558,"['(', 'Весьма', 'амбициозная', 'строфа', '.']"
559,"['Я', 'проиграю', 'в', 'поединке', ',', 'но', 'выиграю', 'в', 'дискотеке', '.']"
560,"['Постою', 'немного', 'на', 'пороге', ',', 'а', 'потом', 'отчалю', 'навсегда', 'без', 'музыки', ',', 'но', 'по', 'той', 'дороге', ',', 'по', 'которой', 'мы', 'пришли', 'сюда', '.']"
561,"['Ведь', 'я', 'заслужил', 'это', ',', 'не', 'правда', 'ли', ',', 'сделал', 'шаг', ',', 'отравил', 'себя', 'музыкой', ',', 'улицами', ',', 'алкоголем', ',', 'небом', 'и', 'северным', 'морем', '.']"
562,"[')', '…а', 'может', 'быть', ',', 'совсем', 'не', 'надо', 'слов', 'для', 'вот', 'таких', '—', 'каких', 'таких', '?']"
563,"['Не', 'покидай', 'меня', ',', 'когда', 'горит', 'полночная', 'звезда', ',', 'когда', 'на', 'улице', 'и', 'в', 'доме', 'всё', 'хорошо', ',', 'как', 'никогда', '.']"
564,"['Я', 'помню', 'запах', 'листьев', 'прелых', 'и', 'запах', 'неба', 'голубой', '.']"
565,"['Сочинил', 'дольник', ':', 'я', 'вас', 'любил', '.']"
566,"['Я', 'сиживал', 'на', 'той', 'скамейке', ',', 'Когда', 'уроки', 'пропускал', '.']"
567,"['Домофон', 'загудит', ',', 'телефон', 'зазвонит', '—', 'суета.Надо', 'дачу', 'сначала', 'купить', ',', 'чтобы', 'лес', 'и', 'река', 'в', 'сентябре', 'начинали', 'грустить', 'для', 'меня', 'дурака', '.']"
568,"['Пусть', 'Вторчермет', 'гудит', 'своей', 'трубой', ',', 'Пластполимер', 'пускай', 'свистит', 'протяжно', '.']"
569,"['Пусть', 'на', 'горы', 'Урала', 'опустятся', 'эти', 'огни', '.']"
570,"['Так', 'ответит', 'мне', 'Женя', ',', 'а', 'я', 'улыбнусь', 'и', 'смахну', 'с', 'подбородка', 'слезу', '.']"
571,"['Говорить', 'мне', 'об', 'этом', 'неловко', ',', 'но', 'я', 'точно', 'стихи', 'ей', 'читал', '.']"
572,Портвейн с закускою приносит как бы мякиной.
573,"божество мой, не бросай мой душу во зле, — я как Слуцкий на фронт, я как Штейнберг на шконки, я обратно хочу — обгоняя отары, ехать в синий небо на чёрном « козле »."
574,"['А', 'когда', 'после', 'смерти', 'я', 'стану', 'прекрасным', 'поэтом', ',', 'для', 'эпиграфа', 'вот', 'тебе', 'строчки', 'к', 'статье', 'про', 'меня', ':', 'Снег', 'идет', 'и', 'пройдет', '.']"
575,"['Промышленной', 'зоны', 'красивый', 'и', 'первый', 'певец', 'сидит', 'на', 'газоне', ',', 'традиции', 'новой', 'отец', '.']"
576,"['Я', 'усну', 'и', 'вновь', 'тебя', 'увижу', 'девочкою', 'в', 'клетчатом', 'пальто', '.']"
577,"['Рожей', '—', 'в', 'грязь', ',', 'и', 'чтоб', 'не', 'поднимали', 'больше', 'никогда', '.']"
578,"['От', 'ностальгии', 'или', 'сдуру', 'и', 'спьяну', 'можно', 'подняться', 'превыше', 'сосен', ',', 'до', 'самого', 'неба', 'на', 'колесе', 'обозренья', ',', 'но', 'понять', 'невозможно', ':', 'то', 'ли', 'войны', 'еще', 'не', 'было', ',', 'то', 'ли', 'была', 'война', '.']"
579,"['А', 'тот', ',', 'кого', 'любил', ',', 'как', 'ангел', 'бел', ',', 'закрыв', 'лицо', ',', 'уходит', 'в', 'дальний', 'угол', '.']"
580,"['И', 'музыку', 'включи', ',', 'пусть', 'шпарит', 'Бах', '—', 'он', 'умер', ';', 'но', 'мелодия', 'осталась', '.']"
581,"['И', 'поскольку', 'сердце', 'не', 'забыло', 'взор', 'твой', ',', 'надо', 'тоже', 'не', 'забыть', 'поблагодарить', 'за', 'все', ',', 'что', 'было', ',', 'потому', 'что', 'не', 'за', 'что', 'простить', '.']"
582,"['Смахнешь', 'рукою', 'крошки', 'со', 'стола', '.']"
583,"И дальше, во обилие —всё поют, удлиняются лика."
584,"['Конечно', 'же', ',', 'давным-давно', ',', 'давным-давно', 'не', 'те', 'цыганы', '.']"
585,"['Грядет', 'расплата', '.']"
586,"['Что', 'ты', 'мямлишь', 'скептически', ',', 'типа', 'это', 'всё', 'из', 'набоковской', 'прозы', ',', '—', 'он', 'барчук', ',', 'мы', 'с', 'тобою', 'отбросы', ',', 'улыбнись', ',', 'на', 'лице', 'твоём', 'слёзы', '.']"
587,серебром в небесах расцветают миры.Сколько жизней пропало с Москвы до Урала.
588,"['День', 'рождения', 'у', 'Кости', ',', 'и', 'кончается', 'вино', ':', 'ты', 'сегодня', 'младший', ',', 'брат', ',', 'три', 'литрухи', 'и', 'назад.И', 'бегу', ',', 'забыв', 'весь', 'свет', ',', 'на', 'меня', 'одна', 'надежда', '.']"
589,"['Наследственность', 'плюс', 'родовая', 'травма', '—', 'душа', 'свободна.Так', 'плавно', ',', 'так', 'спокойно', 'по', 'орбите', 'плывет', 'больница', '.']"
590,"['Ребром', 'встала', 'монета', '.']"
591,"['Расплывайся', 'в', 'слезах', 'и', 'в', 'бесформенный', 'сплав', 'превращайся', '—', 'любви', 'и', 'тоски', '.']"
592,"['Я', 'для', 'одной', 'за', 'три', 'копейки', 'Любовь', 'и', 'солнце', 'покупал', '.']"
593,"Я зачем тебе это изрёк, а к тому диалогу, что вчера на голове на моего ты раскопала серебро, — жизнь проходит, прикинь!"
594,"['пусть', 'перед', 'сном', 'предельно', 'страшно', 'мне', 'будет', 'закрывать', 'глаза', '.']"
595,"По родительским польтам пройдясь, нашкуляв на « Памир » и « Памир » « для отца » покупая в газетном будке, я уже понимал, как затейлив и сказочен мир."
596,"['Он', 'рек', 'мне', ',', 'змий', ',', 'на', 'солнце', 'очи', 'щуря', ':', 'вот', 'ты', 'поэт', ',', 'а', 'я', 'зелёный', 'змей', ',', 'закуривай', ',', 'присядь', 'со', 'мною', ',', 'керя', ',', 'водяру', 'пей', ';', 'там', 'наверху', 'вертлявые', 'драконы', 'пускают', 'дым', ',', 'беснуются', '—', 'скоты', ',', 'иди', 'в', 'свои', 'промышленные', 'зоны', ',', 'давай', 'на', '«', 'ты', '»', '.']"
597,"['Плывут', 'багровые', 'полоски', '.']"
598,"['Слушает', 'море', 'под', 'вечер', 'горячие', 'речи', ',', 'чайка', 'кричит', 'и', 'качается', 'белый', 'корабль', '—', 'этого', 'вечера', 'будет', 'особенно', 'жаль.Купим', 'пиджак', 'белоснежный', 'и', 'белые', 'брюки', ',', 'как', 'в', 'кинофильме', ',', 'вразвалку', 'подвалим', 'к', 'подруге', ',', 'та', 'поразмыслит', 'немного', ',', 'но', 'вскоре', 'решит', ':', 'в', 'августе', 'этом', 'пусть', ',', 'ладно', 'уж', ',', 'будет', 'бандит.Всё', 'же', 'какое', 'прекрасное', 'позднее', 'лето', '.']"
599,"['Сквер', 'будет', 'назван', 'именем', 'моим', '.']"
600,"['Барахлит', 'городок.Виноват', ',', 'господа', ',', 'не', 'учёл', ',', 'но', 'она', 'продолжается', ',', '(', '?', ')']"
601,"['И', 'я', 'вишу', 'на', 'красных', 'проводах', 'в', 'той', 'вечности', ',', 'где', 'не', 'бывает', 'жалость', '.']"
602,"['Мальчик', 'с', 'мамой', 'прощается', '.']"
603,"['…Предельно', 'траурна', 'братва', 'у', 'труповоза', '.']"
604,"['Но', 'все', 'равно', ',', 'кино', 'кончается', ',', 'и', 'все', 'кончается', 'на', 'свете', ':', 'толпа', 'уходит', ',', 'и', 'валяется', 'сын', 'человеческий', 'в', 'буфете', '.']"
605,"['Да', ',', 'не', 'приеду', '.']"
606,"['Два', 'мотылька', 'прилетают', 'на', 'розовый', 'свет', 'спички', ',', 'лицо', 'озаряющей', '.']"
607,"Только справа соседа закроют, откинется слева : если кто обижает, скажи, мы соседи, сопляк."
608,"['Стань', 'девочкою', 'прежней', 'с', 'белым', 'бантом', ',', 'я', '—', 'школьником', ',', 'рифмуясь', 'с', 'музыкантом', ',', 'в', 'тебя', 'влюблённым', 'и', 'в', 'твою', 'подругу', ',', 'давай-ка', 'руку', '.']"
609,"['Но', 'вину', 'свою', 'береги', '.']"
610,"['Не', 'прохладно', 'проститься', 'с', 'собой', 'чтоб', '—', 'в', 'слезах', ',', 'а', 'не', 'без', '.']"
611,"Не успею заметить в грязи автосамосвала, залюбуюсь красавицей у фонаря полустанка."
612,"['В', 'реальный', 'табор', 'пить', 'вино', '.']"
613,"['Бродяга', 'и', 'бездельник', ',', 'дурак', ',', 'игрок.Не', 'первой', 'молодости', 'нравящийся', 'дамам', ',', 'давно', 'небритый', 'человек', 'со', 'шрамом', ',', 'сопляк', ',', 'сынок.Дай', 'просто', 'так', 'и', 'не', 'проси', 'молиться', 'за', 'душу', 'грешную', ',', '—', 'когда', 'начнет', 'креститься', ',', 'останови.…От', 'одиночества', ',', 'от', 'злости', ',', 'от', 'обиды', 'на', 'самого', ',', 'с', 'которым', 'будем', 'квиты', ',', '—', 'не', 'из', 'любви', '.']"
614,"['А', 'иначе', 'даром', ',', 'что', 'ли', ',', 'желторотый', 'дуралей', '—', 'я', 'на', 'крыше', 'паровоза', 'ехал', 'в', 'город', 'Уфалей', '?']"
615,Вдали полыхнут леспромхозы.
616,"Побренчи же еще, побренчи."
617,"['Но', 'с', 'каждой', 'осенью', 'твои', 'ладони', 'мне', 'все', 'нужней.Так', 'появись', ',', 'возьми', 'меня', 'за', 'плечи', ',', 'былой', 'любви', 'во', 'имя', ',', 'как', 'пойду', 'листве', 'навстречу', ',', '—', 'останови.…Гляди-ка', ',', 'сопляки', 'на', 'спортплощадке', 'гоняют', 'мяч', '.']"
618,"['Это', 'в', 'той', 'допотопной', 'манере', ',', 'когда', 'люди', 'сгорали', 'дотла', '.']"
619,"['Так', 'гранит', 'покрывается', 'наледью', ',', 'и', 'стоят', 'на', 'земле', 'холода', ',', '—', 'этот', 'город', ',', 'покрывшийся', 'памятью', ',', 'я', 'покинуть', 'хочу', 'навсегда', '.']"
620,Пусть вечно будет твое лик освещено весной.
621,"['Через', 'сотни', 'лет', 'вернусь', '.']"
622,"['Дождь', 'прошел', 'в', 'парке', 'отдыха', ',', 'и', 'не', 'передать', ',', 'как', 'сильно', 'благоухает', 'сирень', 'в', 'этот', 'весенний', 'день', '.']"
623,"['Но', 'в', 'эту', 'самую', 'мину-', 'ту', 'грянет', 'ветер', 'за', 'спиною.Все', 'зеркало', 'заполнит', 'сад', ',', 'лицо', 'поэта', 'растворится', '.']"
624,"['Только', 'нет', ',', 'не', 'дай', 'тебе', 'Господь', 'загнуться', 'в', 'сей', 'квартире', ',', 'где', 'чтут', 'подобный', 'слог', 'и', 'всем', 'за', 'тридцать', 'лет', '.']"
625,"Остается не думать, как тот генерал, а « Памир » надорвать да исчезнуть к сатанам, раскурив на ветру сигарету."
626,"['Что', ',', 'повторюсь', ',', 'сомнительно', 'для', 'сна', ',', 'но', 'это', 'только', 'сон', 'и', 'не', 'иначе', ',', 'я', 'понимаю', 'это', 'до', 'конца', '.']"
627,"['В', 'эту', 'осень', 'мне', 'даже', 'стихи', 'удавались', 'отчасти', '(', 'но', 'всегда', 'не', 'хватало', 'строки', 'или', 'рифмы', '—', 'для', 'счастья', ')', '.']"
628,"['Не', 'забухал', ',', 'а', 'первый', 'раз', 'напился', 'и', 'загулял', '—', 'под', '«', 'Скорпионз', '»', 'к', 'ее', 'щеке', 'склонился', ',', 'поцеловал.Чего', 'я', 'ждал', '?']"
629,"['На', 'купоросных', 'голубых', 'снегах', ',', 'Закончившие', 'ШРМ', 'на', 'тройки', ',', 'Они', 'споткнулись', 'с', 'медью', 'в', 'черепах', 'Как', 'первые', 'солдаты', 'перестройки', '.']"
630,"['Встал', 'из-за', 'столика', ':', 'не', 'провожать', ',', 'друзья', '.']"
631,Все прочее — литература.
632,"['Закурю', ',', 'да', 'на', 'корточках', ',', 'эдаким', 'уркой', 'отпетым', ',', 'я', 'покуда', 'живой', ',', 'не', 'нужна', 'мне', 'твоя', 'болтовня', '.']"
633,"['И', 'если', 'я', 'сейчас', 'останусь', 'тут', ',', 'я', 'навсегда', 'останусь', 'в', 'этом', 'мире', '.']"
634,"['Душа', 'без', 'посредников', 'сможет', 'отныне', 'кое', 'с', 'кем', 'объясниться', 'в', 'пустыне', 'лишь', 'посредством', 'карандаша.Воротник', 'поднимаю', 'пальто', ',', 'закурив', 'предварительно', ':', 'время', 'твое', 'вышло', '.']"
635,"['Зайду', 'на', 'кухню', ',', 'оп', ',', 'два', 'ангела', 'за', 'чаем', '.']"
636,"И когда бы пииты могли нарождаться в Свердловске, я бы точно родился пиитом : завел бы тетрадь, стал бы книжки читать, а не грушу метелить в спортзале."
637,"['Нижний', 'Тагил.От', 'порога', 'до', 'бога', 'пусто', 'и', 'одиноко', '.']"
638,"Так бы жили и жили, но однажды столкнулись — некоего там тесть или зять из деревни — короче, они дядю замочили."
639,"['В', 'солидоле', 'спецодежда', '.']"
640,"['Впрочем', ',', 'это', 'пистолет.Вдруг', 'Синицын', ':', '«', 'Стоп', ',', 'машина', '»', '.']"
641,"['Но', 'раз', 'в', 'полгода', 'куклу', 'убирают', ',', 'и', 'с', 'Лузиным', 'Серегой', 'запивает', 'толковый', 'опустившийся', 'актер', '.']"
642,"['Я', 'за', 'чтением', 'зренье', 'садил', 'да', 'коверкал', 'язык', 'иностранным.Мне', 'бы', 'как-нибудь', 'дошкандыбать', 'до', 'посмертной', 'серебряной', 'ренты', ',', 'а', 'ему', ',', 'дармоеду', ',', 'плевать', 'на', 'аплодисменты.Это', ',', '—', 'бей', 'его', ',', 'ребя', '!']"
643,"['Убойными', 'тремя', 'семерками', 'заряжен', 'чудо-пулемет.Я', 'в', 'штопор', ',', 'словно', 'идиот', ',', 'зайду', ',', 'но', 'выхожу', 'из', 'штопора', ',', 'крыло', 'пробитое', 'заштопано', ',', 'пускаюсь', 'заново', 'в', 'полет.В', 'невероятный', 'черный', 'день', 'я', 'буду', 'сбит', 'огромным', 'ангелом', ',', 'я', 'полыхну', 'зеленым', 'факелом', 'и', 'рухну', 'в', 'синюю', 'сирень.В', 'завешанный', 'штанами', 'двор', 'я', 'выползу', 'из', '«', 'кукурузника', '»', '…', 'Из', 'шлемофона', 'хлещет', 'музыка', ',', 'и', 'слезы', 'застилают', 'взор', '.']"
644,брега Невы.
645,"['И', 'забывается', 'печаль', '.']"
646,"['Семь', 'лет', 'подряд', 'хожу', 'в', 'одном', 'и', 'том', 'же', 'пальто', ',', 'почти', 'не', 'ведая', 'стыда', ',', '—', 'не', 'просто', 'подвернувшийся', 'прохожий', 'писатель', ',', 'не', 'прозаик', ',', 'а', 'хороший', 'поэт', ',', 'и', 'это', 'важно', ',', 'господа', '.']"
647,"['Со', 'сцены', ',', 'со', 'сцены', ',', 'со', 'сцены', ',', 'со', 'сцены', 'сойти', '.']"
648,"['Белеют', 'пароходы', 'на', 'фоне', 'голубом', 'в', 'распахнутом', 'окне', '.']"
649,"['Мы', 'к', 'Первомаю', 'замутили', 'брагу', ',', 'я', 'из', 'канистры', 'первым', 'пригубил.Я', 'помню', 'час', ',', 'когда', 'ногами', 'нас', 'за', 'хамство', 'избивали', 'демонстранты', ',', 'и', 'музыку', ',', 'и', 'розовые', 'банты', '.']"
650,"['Я', 'говорил', 'ей', 'небылицы', ':', 'Умрём', ',', 'и', 'всё', 'начнётся', 'вновь', '.']"
651,"['Что', 'убьёт', 'тебя', ',', 'молодой', '?']"
652,"['На', 'глазах', ',', 'перед', 'зеркалом', 'стоя', ',', 'дурнеет', 'красавица', '.']"
653,Длинноногие школьницы в школу бежали по лужам.
654,"['Не', 'ты', ',', 'а', 'ты', ',', 'а', 'впрочем', ',', 'как', 'угодно', '—', 'ты', 'будь', 'со', 'мной', 'всегда', ',', 'а', 'ты', 'свободна', ',', 'а', 'если', 'нет', ',', 'тогда', 'меняйтесь', 'смело', ',', 'не', 'в', 'этом', 'дело', '.']"
655,"['Я', 'не', 'настолько', 'верю', 'в', 'слово', ',', 'Чтобы', ',', 'как', 'в', 'юности', ',', 'тогда', ',', 'Сказать', ',', 'что', 'всё', 'начнётся', 'снова', '.']"
656,"['Как', 'портаки', 'на', 'западных', 'пластинках', ',', 'я', 'изучил', 'все', 'корни', 'на', 'тропинках', '.']"
657,"['И', 'смеётся', ',', 'глядит', 'в', 'глаза', '.']"
658,"['Но', 'фотографию', 'найду', ',', 'и', 'повторяю', ',', 'как', 'молитву', ',', 'такую', 'вот', 'белиберду', ':', 'Душа', 'моя', ',', 'огнём', 'и', 'дымом', ',', 'путём', 'небесно-голубым', ',', 'любимая', ',', 'лети', 'к', 'любимым', 'своим', '.']"
659,"['И', 'от', 'подобных', 'перспектив', 'на', 'случай', 'абсолютной', 'боли', 'не', 'слишком', 'тягостен', 'мотив', 'тоски', ',', 'неволи', '.']"
660,"['И', 'пошло-поехало', '.']"
661,"['Синицын', '.']"
662,"['Пани-горе', ',', 'тук-тук', ',', 'это', 'Ваш', 'давний', 'друг', ',', 'пан', 'Борис', 'на', 'пороге', 'от', 'рубахи', 'до', 'брюк', ',', 'от', 'котелка', ',', 'нет', ',', 'кепочки', '—', 'до', 'штиблет', ',', 'семечек', ',', 'макинтоша', ',', 'трости', 'и', 'сигарет', ',', 'я', 'стучу', 'в', 'Ваш', 'дом', 'с', 'обескровленным', 'ртом', ',', 'чтоб', 'приобресть', 'у', 'Вас', 'маузер', ',', 'остальное', '—', 'потом', '.']"
663,Ты не малец!
664,"['Ни', 'к', 'чему', 'разговоры', 'о', 'вечности', ',', 'а', 'точнее', ',', 'о', 'том', ',', 'чего', 'нет', '.']"
665,"['Но', 'где', 'бы', 'мне', 'ни', 'выпало', 'остыть', ',', 'В', 'Париже', 'знойном', ',', 'Лондоне', 'промозглом', ',', 'Мой', 'жалкий', 'прах', 'советую', 'зарыть', 'На', 'безымянном', 'кладбище', 'свердловском', '.']"
666,"['Пусть', 'разрушатся', 'наши', 'скорлупы', ',', 'геометрия', 'жизни', 'земной', ',', '—', 'оглянись', ',', 'поцелуй', 'меня', 'в', 'губы', ',', 'дай', 'мне', 'руку', ',', 'останься', 'со', 'мной', '.']"
667,"['Начинается', 'снег', ',', 'и', 'навстречу', 'движению', 'снега', 'поднимается', 'вверх', '—', 'допотопное', 'слово', '—', 'душа', '.']"
668,"['«', 'А', 'ну', ',', 'парень', ',', 'погоняй', 'лошадок', '!', '»', '—', '«', 'А', 'куда', 'нам', 'спешить', ',', 'барин', '?', '»', 'Изрядная', 'река', 'вплыла', 'в', 'окно', 'вагона', '.']"
669,"Я вас любил, любовь… Еще : что б вы ни делали, красавцы, как вам б страдать ни повезло, рожденны после нас быдла на вас меня посмотрят сквозь."
670,"['—', 'с', 'алой', 'лентой', ',', 'вьющейся', 'на', 'ветру', '.']"
671,"['Слева', 'и', 'справа', '—', 'грустным', 'планом', 'шестнадцатиэтажки', '.']"
672,"['Завтра', 'мне', 'позвоните', ',', 'к', 'примеру', ',', 'в', 'час', '.']"
673,"['В', 'России', 'расстаются', 'навсегда', '.']"
674,"['—', 'поэзию', 'и', 'мрак', '.']"
675,"['Качающиеся', 'гурьбой', 'взлетали', 'сами', 'над', 'собой', '.']"
676,"['Фигово', 'жили', ',', 'словно', 'не', 'были', '.']"
677,"['Здесь', 'меня', 'брали', 'за', 'руку', ',', 'тут', 'поднимали', 'на', 'руки', ',', 'в', 'открытом', 'кинотеатре', 'показывали', 'кино', '.']"
678,"['Видимо', ',', 'умру', 'скорее', ',', 'чем', '.']"
679,"['Над', 'саквояжем', 'в', 'черной', 'арке', 'всю', 'ночь', 'играл', 'саксофонист', '.']"
680,"['Зимой', 'под', 'синими', 'облаками', 'в', 'санях', 'идиотских', 'дышу', 'в', 'ладони', ',', 'бормоча', 'известное', ':', '«', 'Эх', 'вы', ',', 'сани', '!']"
681,"['Ночь', '.']"
682,"['И', 'лесник', 'три', 'вишенки', 'принес', '.']"
683,"['Никуда', 'не', 'приехало', '.']"
684,Мотодромы с автодромами закрутились-завертелись.
685,"['Не', 'ходить', 'мне', 'по', 'осенним', 'скверам', ',', 'виршей', 'не', 'записывать', 'в', 'альбом', '.']"
686,"['С', 'рюмкой', 'спирта', 'мама', 'выходила', ',', 'менее', 'красива', ',', 'чем', 'во', 'сне', '.']"
687,"['Места', 'добру-злобе', 'там', 'нет', 'вообще.Жил-был', 'школьник', '.']"
688,"['А', 'в', 'отверстие', 'небо', 'врывается', ',', 'и', 'лежат', 'на', 'башке', 'облака', '.']"
689,"Эх, посыпался песочек!"
690,"['Мне', 'почти', 'семнадцать', 'лет', '.']"
691,"['А', 'женщина', ',', 'что', 'не', 'была', 'со', 'мной', ',', 'Альбом', 'откроет', 'и', 'закурит', 'важно', '.']"
692,"['Звоном', 'тишину', 'сопровождают', ',', 'но', 'стоит', 'такая', 'тишина', ',', 'словно', 'где-то', 'четко', 'понимают', ',', 'будто', 'чья-то', 'участь', 'решена', '.']"
693,"['Лицо', 'разбито', '.']"
694,"['Мотив', 'неволи', 'и', 'тоски', '.']"
695,"['В', 'Свердловске', 'живущий', ',', 'но', 'русскоязычный', 'поэт', ',', 'четвёртый', 'день', 'пьющий', ',', 'сидит', 'и', 'глядит', 'на', 'рассвет', '.']"
696,"['Это', 'было', 'самое', 'начало', ',', 'я', 'был', 'глуп', ',', 'и', 'это', 'не', 'секрет', '.']"
697,"['Из', 'подъезда', 'немытого', 'гляну', 'на', 'двор', ',', 'у', 'окна', 'на', 'минуту', 'замру', '.']"
698,"['Не', 'гляди', 'на', 'меня', 'виновато', ',', 'я', 'сейчас', 'докурю', 'и', 'усну', '—', 'полусгнившую', 'изгородь', 'ада', 'по-мальчишески', 'перемахну', '.']"
699,"['Но', 'все', 'равно', ',', 'но', 'все', 'равно', 'то', 'там', ',', 'то', 'здесь', 'звучит', '«', 'Таганка', '»', '.Что', 'Ариосто', 'или', 'Дант', '!']"
700,"['Долго', 'капает', 'кровь', 'с', 'кулака', '.']"
701,"['А', 'она', 'меня', 'очень', 'ждала', '.']"
702,"['Со', 'всех', 'сторон', 'идут', ',', 'летят', ',', 'ползут', '.']"
