,stolbec,answer
0,Авария .,1
1,Слева и справа — грустным планом шестнадцатиэтажки .,1
2,"На глазах , перед зеркалом стоя , дурнеет красавица .",1
3,"Это было над Камой крылатою , сине-черною , именно там , где беззубую песню бесплатную пушкинистам кричал Мандельштам .",1
4,"И беспокоен мой покой , и счастье счастья не приносит.На землю падает листва , но долго кружится вначале .",1
5,"А женщина , что не была со мной , Альбом откроет и закурит важно .",1
6,"['Вот', 'и', 'лупит', 'по', 'струнам', 'дурак.Эта', 'песня', ',', 'он', 'сам', 'ее', 'разве', 'сочинил', ',', 'разве', 'слышал', 'в', 'кино', ',', 'ибо', 'я', 'ничего', 'безобразней', 'этой', 'песни', 'не', 'слыхивал', '.']",0
7,"Рейн Евгений Борисыч уходит в ночь , в белом плаще английском уходит прочь .",1
8,С какой перемены в каком направленье уйти ?,1
9,"Эх , за десять баксов к дому милой — ну ты и придурок , скажет киса .",1
10,"['Я', 'вас', 'любил', ',', 'любовь…', 'Еще', ':', 'что', 'б', 'вы', 'ни', 'делали', ',', 'красавцы', ',', 'как', 'вам', 'б', 'страдать', 'ни', 'довелось', ',', 'рожденны', 'после', 'нас', 'мерзавцы', 'на', 'вас', 'меня', 'посмотрят', 'сквозь', '.']",0
11,А она меня очень ждала .,1
12,"Что-то слишком расширился мой кругозор , а когда-то был равен двору .",1
13,"Но все равно , кино кончается , и все кончается на свете : толпа уходит , и валяется сын человеческий в буфете .",1
14,"Но где бы мне ни выпало остыть , В Париже знойном , Лондоне промозглом , Мой жалкий прах советую зарыть На безымянном кладбище свердловском .",1
15,"До пупа сорвав обноски , с нар сползают фраера , на спине Иосиф Бродский напортачен у бугра —начинаются разборки за понятья , за наколки.Разрываю сальный ворот : душу мне не береди .",1
16,"Начинается снег , и навстречу движению снега поднимается вверх — допотопное слово — душа .",1
17,"Любимые , вы только посмотрите на наши лица !",1
18,Почти что новый « Беларусь » .,1
19,"И исчезнут морщины у глаз , у рта , ты ребенком станешь — о , навсегда !",1
20,"А ну назад , где облака летели , где , полыхая , клёны облетели , туда , где до твоей кончины , Эля , ещё неделя .",1
21,…Но мы уже летим в стеклянном шаре .,1
22,"['Все', 'прочее', '—', 'литература', '.']",0
23,"['Побренчи', 'же', 'еще', ',', 'побренчи', '.']",0
24,"Ни для чего и низачем , а просто так и между тем оставь меня , когда мне больно , уйди , оставь меня совсем .",1
25,"А относительно пения — песня легко то форму города некоего принимает , то повисает над городом , как облакo .",1
26,"Пусть Вторчермет гудит своей трубой , Пластполимер пускай свистит протяжно .",1
27,"Она откроет голубой альбом , Где лица наши будущим согреты , Где живы мы , в альбоме голубом , Земная шваль : бандиты и поэты .",1
28,"Зайду на кухню , оп , два ангела за чаем .",1
29,"['Эх', ',', 'посыпался', 'песочек', '!']",0
30,"['Все', ',', 'и', 'помнить', 'не', 'обещай', ',', 'сниться', 'не', 'позабудь.Не', 'печалься', 'и', 'не', 'грусти', '.']",0
31,"Где обрывается память , начинается старая фильма , играет старая музыка какую-то дребедень .",1
32,"['Думал', ',', 'всё', ',', 'труба', ',', 'приехал', 'ты', ',', 'Борис', 'Борисыч', ',', 'милый', '.']",0
33,Приехали .,1
34,"Он рек мне , змий , на солнце очи щуря : вот ты поэт , а я зелёный змей , закуривай , присядь со мною , керя , водяру пей ; там наверху вертлявые драконы пускают дым , беснуются — скоты , иди в свои промышленные зоны , давай на « ты » .",1
35,"Потому уменьшительных суффиксов не люблю , и когда постучат и попросят с улыбкою уксуса , я исполню желанье ребят .",1
36,Ночь .,1
37,"Где и с кем , и когда это было , только это не я сочинил : ты меня никогда не любила , это я тебя очень любил .",1
38,"…Когда ты уйдешь , когда я умру .",1
39,"['Ну', ',', 'пока', ',', 'молодость', ',', 'говорю', ',', 'прощай', '.']",0
40,Не приеду никогда .,1
41,"И да не дрогнула б рука , сказал , кого.Но если честным быть в конце и до конца — лицо свое , в своем лице лицо отца.За этот сумрак , этот мрак , что свыше сил , я так люблю его , я так его любил.Как эти реки , облака и виражи стиха , не дрогнула б строка , как эту жизнь .",1
42,"Впрочем , это пистолет.Вдруг Синицын : « Стоп , машина » .",1
43,"['Я', 'по', 'листьям', 'сухим', 'не', 'бродил', 'с', 'сыном', 'за', 'руку', ',', 'за', 'облаками', ',', 'обретая', 'покой', ',', 'не', 'следил', ',', 'не', 'аллеями', 'шел', ',', 'а', 'дворами.Только', 'в', 'песнях', 'страдал', 'и', 'любил', '.']",0
44,В последнем ряду — пиво и сигарета .,1
45,"А я протягиваю руку : уже хорош , давай сюда !",1
46,"Живи , другого не дано !",1
47,Рукой своей касаюсь невзначай её руки .,1
48,"Домофон загудит , телефон зазвонит — суета.Надо дачу сначала купить , чтобы лес и река в сентябре начинали грустить для меня дурака .",1
49,Ведь не начнётся никогда .,1
50,Каптерка .,1
51,Я помню запах листьев прелых и запах неба голубой .,1
52,"Я за чтением зренье садил да коверкал язык иностранным.Мне бы как-нибудь дошкандыбать до посмертной серебряной ренты , а ему , дармоеду , плевать на аплодисменты.Это , — бей его , ребя !",1
53,"Как дурень , стою на краю , да и только : не знаю , как быть , и что делать — не знаю .",1
54,"И от подобных перспектив на случай абсолютной боли не слишком тягостен мотив тоски , неволи .",1
55,"['А', 'из', 'ноги', 'я', 'выгоду', 'извлек', ':', 'я', 'трость', 'себе', 'купил', 'и', 'с', 'тростью', 'этой', 'прекраснейшей', 'ходил', 'туда-сюда', ',', 'как', 'некий', 'князь', ',', 'и', 'нравился', '—', 'о', 'да', '!']",0
56,Иванов .,1
57,"['Но', 'кого', 'ты', 'обманешь', '!']",0
58,"Шарф размотай , потом сними перчатки , смотри не плачь .",1
59,"Когда в подъездах закрывают двери и светофоры смотрят в небеса , я перед сном гуляю в этом сквере , с завидной регулярностью , по мере возможности , по полтора часа .",1
60,"Представь себе… А впрочем , что ты знаешь про наши про охотничьи дела !",1
61,"['В', 'обновы', 'чучела', 'оденут', '.']",0
62,"И , предвкушая вечную разлуку , не оттолкнет .",1
63,"Последняя неделя лета , на нас глядят Алена , Света , все прыгнули , а я не смог , что очень плохо для поэта .",1
64,"['Плыли', 'дымы', 'из', 'труб', ',', 'и', 'летели', 'кругом', 'облака', '.']",0
65,"['И', 'рыдает', 'за', 'страшной', 'стеною', 'тот', ',', 'кому', 'я', 'оставлю', 'тебя', '.']",0
66,"Мне на плечи бросается век-волкодав , я сжимаю от боли виски .",1
67,"Вообще одинок , как разбитый полк : ваш Петербург больше похож на Нью-Йорк .",1
68,Как говорить о Бродском при нем нельзя .,1
69,"Пойду в общагу ПТУ , гусар , повеса из повес .",1
70,"Пьют и плачут , девок обнимают , снова пьют и всё-таки молчат , головой тонически качают , матом силлабически кричат .",1
71,"Над речкой с татарским названием Обью два месяца прожил , а может быть , дольше , не ради того , чтобы жизнь мою снова начать , чтоб былое достойно продолжить .",1
72,"О удивление : как , у вас нет пистолета ?",1
73,"День рождения у Кости , и кончается вино : ты сегодня младший , брат , три литрухи и назад.И бегу , забыв весь свет , на меня одна надежда .",1
74,Ерёменко медные трубы в душе моей детской звучали .,1
75,И я тебя целую впопыхах .,1
76,"Зимой под синими облаками в санях идиотских дышу в ладони , бормоча известное : « Эх вы , сани !",1
77,"['Портвейн', 'с', 'закускою', 'приносит', 'как', 'бы', 'половой', '.']",0
78,Лучше лежать в могиле .,1
79,Звезда .,1
80,"Летят снежинки аккуратные… С антресолей достану « ТТ » , покручу-поверчу — я ещё поживу и т. д. , а пока не хочу этот свет покидать , этот свет , этот город и дом .",1
81,"И за это , за это , за это , за это эта Н. целовала меня .",1
82,Грядет расплата .,1
83,Что ж вы не взяли ?,1
84,Боже мой !,1
85,Моют хмурые ребята мотоциклы у реки .,1
86,Дай нищему на опохмелку денег .,1
87,"Звучит и давит на виски мотив тоски , мотив неволи .",1
88,Загар бронёю на узбеке .,1
89,Смахнешь рукою крошки со стола .,1
90,"Всё , что умел забыть и ненавидеть .",1
91,"Здесь меня брали за руку , тут поднимали на руки , в открытом кинотеатре показывали кино .",1
92,И наполнится небо огнями .,1
93,Летят снежинки аккуратные .,1
94,Из второго цеха — гости .,1
95,"Дождь , дождь идет , достанем зонтик , — на много , много , много лет вот этот дождик тебе , мой свет .",1
96,"Я верю , мы живем по кругу , не умираем никогда .",1
97,"['Дай', 'мне', 'денег', ',', 'я', 'двину', 'к', 'собору', ',', 'эти', 'свечи', 'поставлю', ',', 'отвечу', 'добром', 'на', 'добро', '.']",0
98,"Я представляю все равно гитары , песни и туманы .",1
99,"['Женя', ',', 'что', 'ли', ',', 'что', 'бегал', 'за', 'водкой', 'и', 'Багрицкого', 'знал', 'наизусть…', 'Кто', 'мою', 'зажигалку', 'отмел', '?']",0
100,Пусть на горы Урала опустятся эти огни .,1
101,"Ты , отворачиваясь , прячешь слезы .",1
102,"['Похоронные', 'трубы', 'не', 'переставали', 'играть', '—', 'постоянно', 'в', 'квартале', 'над', 'кем-то', 'рыдали', ',', 'рыдали', '.']",0
103,"Трепетала надменная бровка , матерок с алой губки слетал .",1
104,На заре гагару подстрелили .,1
105,Пред тобой одной я не знал вины .,1
106,"Следуя заданной логике , к буйству и пьянству твердой рукою себя приучает , и тут — видит березу с осиной в осеннем убранстве , делает песню , и русские люди поют .",1
107,"['Лает', 'пес', '.']",0
108,"Живу во сне , а наяву сижу-дремлю .",1
109,"Я расскажу тебе , когда согреюсь , как входят в дом — не ангелы — врачи и кровь мою процеживают через тот самый уголь — если б мир сгорел со мною и с тобой — тот самый уголь .",1
110,"Это , — мне хотелось быть поэтом , но уже не очень , потому , что не заработаешь на этом и цветов не купишь никому .",1
111,"Что ты мямлишь скептически , типа это всё из набоковской прозы , — он барчук , мы с тобою отбросы , улыбнись , на лице твоём слёзы .",1
112,"Что убьёт тебя , молодой ?",1
113,"Я человек того покроя — я твой навеки арестант и все такое , все такое .",1
114,Лучше б меня убили дядя в рыжем плаще с дядею в серой робе .,1
115,"Был двор , а во дворе качели позвякивали и скрипели .",1
116,Но вину свою береги .,1
117,"Как Пушкин , курил у плетня с мужиками , и было мне так безотрадно и горько .",1
118,"Поужинав , на лестничной площадке курили психи.Стояли и на корточках сидели без разговора .",1
119,"['А', 'идти', 'и', 'идти', 'никуда', 'ниоткуда', ',', 'ожидая', 'то', 'смеха', ',', 'то', 'гнева', ',', 'то', 'чуда', '.']",0
120,"Хотел уйти , но выпил и остался удерживать сей призрачный рубеж : то ангельские отражать атаки , то дьявольские , охраняя брешь сияющую в беспредметном мраке .",1
121,Вот бродяги-работяги поправляются с утра .,1
122,"Всё в черно-белом цвете , ходят с мамами дети , плохой репродуктор что-то победоносно поет .",1
123,"Исчезло всё , что было мило , Что только-только началось — Любовь и солнце — мимо , мимо Скамейки в парке пронеслось .",1
124,"Я на крыше паровоза ехал в город Уфалей и обеими руками обнимал моих друзей — Водяного с Черепахой , щуря детские глаза .",1
125,"Помнишь дождь на улице Титова , что прошел немного погодя после слёз и сказанного слова ?",1
126,"['На', 'Моховой', 'мемориальную', 'про', 'нас', 'табличку', 'забобенят', '.']",0
127,Над могилою Романа только синий свет .,1
128,Я усну и вновь тебя увижу девочкою в клетчатом пальто .,1
129,Домино .,1
130,В эту осень мне даже стихи удавались отчасти ( но всегда не хватало строки или рифмы — для счастья ) .,1
131,Из окошка взгляну на газон и обрубок куста .,1
132,"Завтра мне позвоните , к примеру , в час .",1
133,Мальчик с мамой прощается .,1
134,"Ширяться дурью , пить вино в поселок покачу цыганский .",1
135,"После дня трудового над могилой впечатляюще унылой почему-то плачу я : ну , прощай , Салимов К. У. Снег ложится на башку .",1
136,"['Пусть', 'вечно', 'будет', 'твое', 'лицо', 'освещено', 'весной', '.']",0
137,"Уйдем — вернемся именно сюда.Как я любил унылые картины , посмертные осенние штрихи , где в синих лужах ягоды рябины , и с середины пишутся стихи.Поскольку их начало отзвучало , на память не оставив ничего .",1
138,"Бродяга и бездельник , дурак , игрок.Не первой молодости нравящийся дамам , давно небритый человек со шрамом , сопляк , сынок.Дай просто так и не проси молиться за душу грешную , — когда начнет креститься , останови.…От одиночества , от злости , от обиды на самого , с которым будем квиты , — не из любви .",1
139,"Чтоб , улыбаясь , спал пропойца под небом , выпитым до дна , — спи , ни о чем не беспокойся , есть только музыка одна .",1
140,"И глаза закрытые Артема видят сон о том , что навсегда я пришел и не уйду из дома… И горит осенняя звезда .",1
141,"Как дождик по карнизу отстучало , а может , просто не было его.Но мальчик был , хотя бы для порядку , что проводил ладонью по лицу , молчал , стихи записывал в тетрадку , в которых строчки двигались к концу .",1
142,Будет ей что вспомнить над могилой её Бориса .,1
143,"И если я сейчас останусь тут , я навсегда останусь в этом мире .",1
144,"['А', 'значит', ',', 'недаром', 'в', 'приисковом', 'поселке', 'любили', 'меня', '.']",0
145,"['Сколько', 'можно', ',', 'старик', ',', 'умиляться', 'острожной', 'балалаечной', 'нотой', 'с', 'железнодорожной', '?']",0
146,"Да по улице вечной печали в дом родимый , сливаясь с закатом , одиночеством , сном , листопадом , возвращайся убитым солдатом .",1
147,"« А , пустяк , — сказали только , выключая ближний свет , — это пьяный Рыжий Борька , первый в городе поэт » .",1
148,"И обратно — по грязи , с водкою из магази… Что такое ?",1
149,"Пусть ангел смерти , как в кино , то яду подольёт в вино , то жизнь мою перетасует и крести бросит на сукно .",1
150,Заброшенная лесопилка .,1
151,Через сотни лет вернусь .,1
152,В реальный табор пить вино .,1
153,"['Ты', 'уснула', ',', 'а', 'в', 'комнате', 'нашей', 'пустота', 'отразилась', 'в', 'окне.Смерть', 'на', 'цыпочках', 'ходит', 'за', 'мною', ',', 'окровавленный', 'бант', 'теребя', '.']",0
154,"Рожей — в грязь , и чтоб не поднимали больше никогда .",1
155,"['Хорошо', 'живет', 'провинция', ',', 'четырьмя', 'горит', 'закатами', '.']",0
156,"Под окном , как архангел , сигналит таксист .",1
157,Роится над башками гнусь .,1
158,"А когда мы друг друга покинем , ты на крыльях своих унеси только пар , только белое в синем , голубое и белое в си… Молодость мне много обещала , было мне когда-то двадцать лет .",1
159,"Так не вышло из меня поэта , и уже не выйдет никогда .",1
160,"Пускай тогда , когда затылком стукну по днищу гроба , в подземелье рухну , заплаканные свердловчане пусть нарядят механическую куклу в мое шмотье , придав движеньям грусть .",1
161,Зафыркал смрадно .,1
162,"Душа без посредников сможет отныне кое с кем объясниться в пустыне лишь посредством карандаша.Воротник поднимаю пальто , закурив предварительно : время твое вышло .",1
163,Ребром встала монета .,1
164,"Снова уходила , вишню мыла и на блюдце приносила мне .",1
165,"['Где', 'качели', 'с', 'каруселями', ',', 'мотодромы', 'с', 'автодромами', '—', 'мы', 'на', 'корточки', 'присели', ',', 'мы', 'любовались', 'панорамою', '.']",0
166,Ещё один подкинь кусочек льда в холодный стих .,1
167,"Мы целовались тут пять лет назад , и пялился какой-то азиат на нас с тобой — целующихся — тупо и похотливо , что поделать — хам !",1
168,Врёте !,1
169,"Что ещё , Иринушка , не знаю , но , наверно , музыка была .",1
170,"['Я', 'зачем', 'тебе', 'это', 'сказал', ',', 'а', 'к', 'тому', 'разговору', ',', 'что', 'вчера', 'на', 'башке', 'на', 'моей', 'ты', 'нашла', 'серебро', ',', '—', 'жизнь', 'проходит', ',', 'прикинь', '!']",0
171,"Но с каждой осенью твои ладони мне все нужней.Так появись , возьми меня за плечи , былой любви во имя , как пойду листве навстречу , — останови.…Гляди-ка , сопляки на спортплощадке гоняют мяч .",1
172,"['Да', ',', 'наверное', ',', 'все', 'это', '—', 'дым', 'без', 'огня', 'и', 'актерство', ':', 'слоняться', ',', 'дышать', 'перегаром', '.']",0
173,Не горят фонари .,1
174,На окошке на фоне заката дрянь какая-то желтым цвела .,1
175,"Хорошо , если есть пистолет , остальное — потом .",1
176,"Озирались сонные трамваи , и вода по мордам их текла .",1
177,"В полулегком подпитьи являясь , я ей всякие розы дарил .",1
178,"всё к чертям полетело , а что называется мной , то идёт по осенней аллее , и ветер свистит-надрывается , и клубится листва за моею спиной .",1
179,"Я у Жени спрошу , я поеду к нему , он влиятельным жуликом стал .",1
180,"Он точно знал , что я боксёр .",1
181,Над саквояжем в черной арке всю ночь играл саксофонист .,1
182,Под цифрой 98 слова : деревня Сартасы .,1
183,"Бродяга на скамейке в парке спал , постелив газетный лист .",1
184,"Я родился — доселе не верится — в лабиринте фабричных дворов в той стране голубиной , что делится тыщу лет на ментов и воров .",1
185,"Через солнце Анталии вышел во тьму , в небеса на « Рено » ускакал .",1
186,"Не покидай меня , когда горит полночная звезда , когда на улице и в доме всё хорошо , как никогда .",1
187,"Всегда тоскует человек , но иногда тоскует очень , как будто он тагильский зек , нет , ивдельский разнорабочий .",1
188,"Закурю , да на корточках , эдаким уркой отпетым , я покуда живой , не нужна мне твоя болтовня .",1
189,"Венок из ромашек , спортивные , в общем , штаны , кроссовки и майка — короче , одет без затей , чтоб было не жалко отдать эти вещи в музей .",1
190,"Про те же самые чувства показывало искусство , про этот самый парк отдыха , про мальчика на руках .",1
191,"Через пять или шесть остановок въедем в восьмидесятые годы : слева — фабрики , справа — заводы , не тушуйся , закуривай , что ты .",1
192,"Со всех сторон идут , летят , ползут .",1
193,"Но фотографию найду , и повторяю , как молитву , такую вот белиберду : Душа моя , огнём и дымом , путём небесно-голубым , любимая , лети к любимым своим .",1
194,В России расстаются навсегда .,1
195,"а я реву от этой жалкой прозы , лица не пряча , сердца не тая .",1
196,Уж убран с поля начисто турнепс и вывезены свекла и капуста .,1
197,Долго по полу кровь разливается .,1
198,Да о том : облака для меня дурака .,1
199,"['Раскричались', 'вороны', ',', 'Воет', 'ветер', '.']",0
200,13 лет .,1
201,"И только небо , может быть , глядело пристально и нежно на относившихся небрежно к прекрасному глаголу ЖИТЬ .",1
202,"Поддав , сонеты прочитали , сплошную похабель оставив на потом .",1
203,"['для', 'чего', 'выпускают', 'их', 'из', 'конуры', '?']",0
204,"Я шел за снегом , размышляя о бог знает чем , березы шли за мною .",1
205,"['Достаю', 'из', 'кармана', 'упаковку', 'дурмана', ',', 'из', 'стакана', 'пью', 'дым', 'за', 'Романа', ',', 'за', 'своего', 'дружбана', ',', 'за', 'лимона-жигана', 'пью', 'настойку', 'из', 'сна', 'и', 'тумана', '.']",0
206,"['Так', 'сказать', ',', 'надо', 'факты', 'связать', '—', 'выпивали', 'в', 'тоске', 'и', 'печали', '.']",0
207,"Он потерял протез по пьянке , а с ним ботинок дорогой .",1
208,Слишком много всего не вмещается .,1
209,"Там были девочки : Маруся , Роза , Рая .",1
210,"Всё , — о жизни поэзии , о судьбе человека больше думать не надо , присядь , закури не спеша .",1
211,"Олег , я ошалел от водки и свободы , и истина твоя уже открылась мне .",1
212,"Окраина стройки советской , фабричные красные трубы .",1
213,"Про звезду осеннюю , дорогу , синие пустые небеса , про цыганку на пути к острогу , про чужие чёрные глаза .",1
214,Скверик возле магазина « соки-воды » .,1
215,"Исчезли фартучки , манжеты , А с ними весь ажурный мир .",1
216,"['И', 'дальше', ',', 'во', 'тьму', '—всё', 'поют', ',', 'удлиняются', 'лица', '.']",0
217,"На фоне развернувшихся небес шел первый снег , и сердцу было грустно .",1
218,"И трехрублевка , что надорвана , изъята у Серёги Жилина .",1
219,"Не стесняясь , подойду поближе поблагодарить тебя за то , что когда на целом белом свете та зима была белым-бела , той зимой , когда мы были дети , ты не умирала , а жила , и потом , когда тебя не стало , — не всегда , но в самом ярком сне — ты не стала облаком , а стала сниться мне , ты стала сниться мне .",1
220,"['И', 'женщина', 'хрипло', 'кричит', 'из', 'окна', ':', 'они', 'же', 'его', 'убьют', '.']",0
221,"['Я', 'работал', 'на', 'драге', 'в', 'поселке', 'Кытлым', ',', 'о', 'чем', 'позже', 'скажу', 'в', 'изумительной', 'прозе', ',', '—', 'корешился', 'с', 'ушедшим', 'в', 'народ', 'мафиози', ',', 'любовался', 'с', 'буфетчицей', 'небом', 'ночным', '.']",0
222,"Больше черного горя , поэт .",1
223,"Скучая , я вставал из-за стола и шел читать какого-нибудь Кафку , жалеть себя и сочинять стихи под Бродского , о том , что человек , конечно , одиночество в квадрате , нет , в кубе .",1
224,"Меж правдою и вымыслом слоняться по облетевшим листьям сентября.Скамейку выбирая , по аллеям шататься , ту , которой навсегда мы прошлое и будущее склеим .",1
225,"Со сцены , со сцены , со сцены , со сцены сойти .",1
226,"Провожая , не пускали , подарили мне цветок.Закурил и удалился твёрдо , холодно , хотя уходя , остановился — оглянуться , уходя.О , как ярок свет в окошке на десятом этаже .",1
227,"['Флаги', '—', 'красные', ',', 'скамейки', '—', 'синие', '.']",0
228,И вспоминается Полонский .,1
229,"Кажется , да .",1
230,"Как портаки на западных пластинках , я изучил все корни на тропинках .",1
231,"Можно лечь на теплый ветер и подумать-полежать : может , правда нам отсюда никуда не уезжать ?",1
232,Сквер будет назван именем моим .,1
233,"Пусть разрушатся наши скорлупы , геометрия жизни земной , — оглянись , поцелуй меня в губы , дай мне руку , останься со мной .",1
234,"Раз , два , три , четыре , пять все — в машину , вашу мать.Зимний вечер .",1
235,"И без толку искать слова для торжества такой печали.Для пьяницы-говоруна на флейте отзвучало лето , теперь играет тишина для протрезвевшего поэта.Я ближе к зеркалу шагну и всю печаль собой закрою .",1
236,"Пожалуй так оно , однако гляди сюда , какими лейблами расписана моя телага .",1
237,"Я проиграю в поединке , но выиграю в дискотеке .",1
238,"Он в куртке наголо сидит , в трико и тапках у подъезда , на куст рыдающий глядит , а жизнь темна и неуместна .",1
239,"Помнишь , под озябшими кустами мы с тобою простояли час , и трамваи сонными глазами нехотя оглядывали нас ?",1
240,Над ушами и носами проплывали небеса .,1
241,"['Не', 'успею', 'заметить', 'в', 'грязи', 'самосвала', ',', 'залюбуюсь', 'красавицей', 'у', 'фонаря', 'полустанка', '.']",0
242,"Подыграй на зубах этим дядям и отчаль под красивые звуки , куртка кожаная , руки в брюки , да по улочке вечной разлуки .",1
243,Только без меня .,1
244,"Я , представляющий шпану спортсмен-полудебил.Зачем тогда он не припёр меня к стене , мой свет ?",1
245,А что еще ?,1
246,"Больше черного горя , поэт .",1
247,"Погадай мне , цыганка , на медный грош , растолкуй , отчего умру .",1
248,Жаров .,1
249,"А там , на оставленном мной перевале , как в песне дешёвой , что душу саднила , жена уходила , друзья предавали , друзья предавали , жена уходила .",1
250,Я зеркало протру рукой и за спиной увижу осень .,1
251,"Я тоже стану музыкантом и буду , если не умру , в рубашке белой с черным бантом играть ночами на ветру .",1
252,"В черную ночь уходит в белом плаще , вообще одинок , одинок вообще .",1
253,"['Дребезжат', 'самосвалы', '.']",0
254,"Мальчик-еврей принимает из книжек на веру гостеприимство и русской души широту , видит березы с осинами , ходит по скверу и христианства на сердце лелеет мечту .",1
255,Да я не матерюсь .,1
256,"['И', 'что', ',', 'блин', ',', 'может', 'быть', ',', 'потом', 'тут', 'будет', ',', 'видимо', ',', 'музей.Поставят', 'музыку', 'печальную', '.']",0
257,"['И', 'то', 'сказать', ':', 'пришел', 'в', 'одних', 'трусах', 'с', 'носками', ',', 'кровь', 'хрустела', 'на', 'зубах', ',', 'нога', 'болела', ',', 'грезились', 'могилы.Ну', ',', 'подождал', ',', 'пока', 'сойдет', 'отек', '.']",0
258,А душу мою разрывали Ерёменко медные трубы .,1
259,И жизнь пройдет .,1
260,Меня обуют на мосту три ухаря из ППС .,1
261,"Как долго я жил на свете , как переносил все эти сердцебиенья , слезы , и даже наоборот .",1
262,Трамваи дребезжат бесплатные .,1
263,"И на каждом на вагоне , волей вольною пьяна , « Приму » ехала курила вся свердловская шпана .",1
264,На скамейке человек какой-то спит .,1
265,"['Ты', 'люби', 'меня', ',', 'красавица', ',', 'скоро', 'время', 'вовсе', 'кончится', ',', 'и', 'уже', 'сегодня', ',', 'кажется', ',', 'жить', 'не', 'хочется', '.']",0
266,Длиною в жизнь любая из дорог .,1
267,"И пусть себе по скверу шкандыбает , пусть курит « Приму » или « Беломор » .",1
268,Есть у меня дружок Вано и адресок его жиганский .,1
269,"Только надо крепче тебя обнять и потом ладоней не отнимать сквозь туман и дождь , через сны и сны .",1
270,"С голубизной мешалось серебро , мешалось серебро с голубизною .",1
271,"Так он сказал , и вот я здесь , ребята , в дурацком парке радуюсь цветам и девушкам , а им того и надо , что я не там .",1
272,") …а может быть , совсем не надо слов для вот таких — каких таких ?",1
273,"Мальчишкой в серой кепочке остаться , самим собой , короче говоря .",1
274,"['Отчего', 'так', 'галдят', 'аониды', '?']",0
275,"И я вишу на красных проводах в той вечности , где не бывает жалость .",1
276,"И музыку включи , пусть шпарит Бах — он умер ; но мелодия осталась .",1
277,"И той скамейки в парке нету , Где было вырезано « Б.Р. » .",1
278,"О , раньше было лучше , чем сейчас.По-доброму , с улыбкой , как во сне : и чудом не потухла папироска , мы все лежим на площади Свердловска , где памятник поставят только мне .",1
279,"Любите , Боря , поэзию ?",1
280,"Мы много пили в эту осень агдама , света и росы .",1
281,"И озеро , где каждый островок ему знаком .",1
282,"['Прут', 'в', 'обнимку', 'с', 'выпускницами', 'ардаки', 'с', 'маратами', '.']",0
283,Чтоб летели кругом облака .,1
284,"['Брега', 'Невы', '.']",0
285,Светало .,1
286,"Убойными тремя семерками заряжен чудо-пулемет.Я в штопор , словно идиот , зайду , но выхожу из штопора , крыло пробитое заштопано , пускаюсь заново в полет.В невероятный черный день я буду сбит огромным ангелом , я полыхну зеленым факелом и рухну в синюю сирень.В завешанный штанами двор я выползу из « кукурузника » … Из шлемофона хлещет музыка , и слезы застилают взор .",1
287,"['Длинноногие', 'школьницы', 'в', 'школу', 'бежали', 'по', 'лужам', '.']",0
288,"Но раз в полгода куклу убирают , и с Лузиным Серегой запивает толковый опустившийся актер .",1
289,"Звоном тишину сопровождают , но стоит такая тишина , словно где-то четко понимают , будто чья-то участь решена .",1
290,"Дали водки , целовали , обнимали , сбили с ног .",1
291,— поэзию и мрак .,1
292,Долго капает кровь с кулака .,1
293,Стою на ринге .,1
294,"Как таксист , на весь дом матерясь , за починкой кухонного крана ранит руку и , вытерев грязь , ищет бинт , вспоминая Ивана Ильича , чуть не плачет , идет прочь из дома : на волю , на ветер — синеглазый худой идиот , переросший трагедию Вертер — и под грохот зеленой листвы в захламленном влюбленными сквере говорит полушепотом : « Вы , там , в партере ! » Не вставай , я сам его укрою , спи , пока осенняя звезда светит над твоею головою и гудят сырые провода .",1
295,Я о чём ?,1
296,Ни разу не заглянула ни в одну мою тетрадь .,1
297,"['На', 'леса', 'и', 'поля', 'надвигается', 'траур', '.']",0
298,"И ты со мной — дай руку мне — и ты теперь со мной , но я боюсь увидеть глаза , улыбку , облако , цветы .",1
299,"Господа , что скажете на это ?",1
300,"Отмотай-ка жизнь мою назад и ещё назад : вот иду я пьяный через сад , осень , листопад.Вот иду я : девушка с веслом слева , а с ядром — справа , время встало и стоит , а листва летит.Все аттракционы на замке , никого вокруг , только слышен где-то вдалеке репродуктор-друг.Что поёт он , чёрт его поймёт , что и пел всегда : что любовь пройдёт , и жизнь пройдёт , пролетят года.Я сюда глубоким стариком некогда вернусь , погляжу на небо , а потом по листве пройдусь.Что любовь пройдёт , и жизнь пройдёт , вяло подпою , ни о ком не вспомню , старый чёрт , бездны на краю .",1
301,"А тот , кого любил , как ангел бел , закрыв лицо , уходит в дальний угол .",1
302,"А право , было б шороху в отчизне , когда б подобны почести — при жизни… Хотя , возможно , это перебор .",1
303,"Щекою прислонясь к вагонному окну , я думал , как ко мне фортуна благосклонна : и заплачу ’ за всех , и некий дар верну .",1
304,Места добру-злобе там нет вообще.Жил-был школьник .,1
305,"Увы , порочный вкус .",1
306,"А ты опять же преградишь мне путь , ты закричишь , ты кинешься на грудь , ты приведешь меня в свою общагу .",1
307,"['За', 'стеной', '—', 'дребезжанье', 'гитары', ',', 'льется', 'песнь', ',', 'подпевают', 'певцу', 'захмелевшие', 'здорово', 'пары', '—', 'да', 'и', 'впрямь', ',', 'ночь', 'подходит', 'к', 'концу.Представляю', 'себе', 'идиота', ',', 'оптимиста', ',', 'любовника', ':', 'так', 'отчего', 'же', 'не', 'спеть', ',', 'коль', 'охота', '?']",0
308,"Пришла музыка , кончились слова .",1
309,Ты не помнишь этого дождя !,1
310,"Под утро я проснусь и сквозь рваньё тумана , тоску и тошноту , увижу за окном : изрядная река , её названье — Кама .",1
311,"Стань девочкою прежней с белым бантом , я — школьником , рифмуясь с музыкантом , в тебя влюблённым и в твою подругу , давай-ка руку .",1
312,"['По', 'родительским', 'польтам', 'пройдясь', ',', 'нашкуляв', 'на', '«', 'Памир', '»', 'и', '«', 'Памир', '»', '«', 'для', 'отца', '»', 'покупая', 'в', 'газетном', 'киоске', ',', 'я', 'уже', 'понимал', ',', 'как', 'затейлив', 'и', 'сказочен', 'мир', '.']",0
313,Чьи-то губы и ладошки на десятом этаже.И пошёл — с тоскою ясной в полуночном серебре — в лабиринт — с гвоздикой красной — сам чудовище себе .,1
314,"И настанет время потом , потом — не на черно-белом , а на цветном фото , не на фото , а наяву точно так же я тебя обниму .",1
315,Кружится сумрачная даль .,1
316,"« Конечно , я приеду » .",1
317,"['Да', 'пойти', 'и', 'пойти', 'по', 'дороге', 'своей', 'темно-синей', 'под', 'звездами', 'серебряными', ',', 'по', 'России', ',', 'документ', 'о', 'прописке', 'сжимая', 'в', 'горсти', '.']",0
318,Такие удивительные мысли ко мне приходят с некоторых пор .,1
319,А куда приехало ?,1
320,"['Ну', ',', 'а', 'как', '?']",0
321,"И так вольготно и отрадно , что деться некуда от слёз .",1
322,"Пощечины с размаху да по виску , и на ее плечо , как бы на плаху , поклал башку.Но понял вдруг , трезвея , цепенея : жизнь вообще и в частности , она меня умнее .",1
323,Фонтаном грязь из-под колёс .,1
324,"Целовала меня и любила , разливала по кружкам вино .",1
325,"Как одному : « другу » , а двум другим он « Сапожок » подписывал : « дорогим » .",1
326,"И сколько б он ни лил , ни плакал , ты стороною не пройдешь… Накинь , мой ангел , мой макинтош .",1
327,Ты сам-то кто ?,1
328,"За тридцать , ну и что .",1
329,пусть перед сном предельно страшно мне будет закрывать глаза .,1
330,В стране чугун изрядно плавится и проектируются танки .,1
331,Принимай без снобизма — и песни и слезы мои .,1
332,"Осталась глупая досада — И тихо злит меня опять Не то , что говорить не надо , А то , что нечего сказать .",1
333,"« А ну , парень , погоняй лошадок ! » — « А куда нам спешить , барин ? » Изрядная река вплыла в окно вагона .",1
334,"И всякий раз , не повстречав отца , я просыпаюсь , оттого что плачу .",1
335,"О , если б ты знала , как мне одиноко с тобой… Как мне одиноко , и как это лучше сказать : с какого урока в какое кино убежать ?",1
336,"За Обью — Кама , за Камою — Волга — по небу и горю дорога сквозная .",1
337,"['Тусклой', 'звездой', 'освещай', 'мой', 'путь', '.']",0
338,Гремели « КамАЗы » и « ЗИЛы » .,1
339,Молча пьют и плачут господа .,1
340,"« Вы » говори , дурак , тому , кто зачислен к мертвым , а из живых уволен .",1
341,"Что написано , по крайней мере в первых строчках , припомни без зла .",1
342,"И позднею ночью на тощей кровати я думал о том , что кончается лето , что я понимаю , что не виноваты ни те , ни другие , что песенка спета .",1
343,"Я прошел по касательной , но не вразрез с небесами .",1
344,Сочинил дольник : я вас любил .,1
345,"Этот звон растягивая , снова стягивая , можно разглядеть музыку , забыться , вставить слово , про себя печальное напеть .",1
346,"Отвечает цыганка , мол , ты умрёшь , не живут такие в миру .",1
347,"От ностальгии или сдуру и спьяну можно подняться превыше сосен , до самого неба на колесе обозренья , но понять невозможно : то ли войны еще не было , то ли была война .",1
348,"Выходил я один на дорогу , чуть шатаясь , мотор тормозил .",1
349,"На купоросных голубых снегах , Закончившие ШРМ на тройки , Они споткнулись с медью в черепах Как первые солдаты перестройки .",1
350,"И остается , остается мне ждать , дыханье затая : вот он допьет и улыбнется.И повторится жизнь моя .",1
351,"Фонари не горят , как ни кроет их матом электрик-браток .",1
352,"Раздеваясь , но не разуваясь , несмешно о смешном говорил .",1
353,Качающиеся гурьбой взлетали сами над собой .,1
354,"Не забухал , а первый раз напился и загулял — под « Скорпионз » к ее щеке склонился , поцеловал.Чего я ждал ?",1
355,"…И поезда уходят под откос , …И самолёты , долетев до звёзд , сгорают в них .",1
356,"['На', 'десятом', 'обороте', 'к', 'черту', 'втулки', 'разлетелись', '.']",0
357,Ночь .,1
358,"Мне не хватает нежности в стихах , а я хочу , чтоб получалась нежность — как неизбежность или как небрежность .",1
359,"Вдруг вспомнятся восьмидесятые с толпою у кинотеатра « Заря » , ребята волосатые и оттепель в начале марта .",1
360,"['Облака', 'синие', '.']",0
361,"Вот мы сидим в кафе и глядим в окно : Рыжий Б. , Леонтьев А. , Дозморов О. Вспомнить пытаемся каждый любимый жест : как матерится , как говорит , как ест .",1
362,"Милицанеры парки , улицы и скверы объезжают .",1
363,"Мочи его , ребя , он — никто.Синий луч с зеленцой по краям преломляют кирпичные стены .",1
364,Затарахтел .,1
365,"Я по снам по твоим не ходил и в толпе не казался , не мерещился в сквере , где лил дождь , верней — начинался дождь ( я вытяну эту строку , а другой не замечу ) , это блазнилось мне , дураку , что вот-вот тебя встречу , это ты мне являлась во сне , ( и меня заполняло тихой нежностью ) , волосы мне на висках поправляла .",1
366,"Это наша с тобой остановка : там — плакаты , а там — транспаранты , небо синее , красные банты , чьи-то похороны , музыканты .",1
367,Мой герой ускользает во тьму .,1
368,"Ведь я заслужил это , не правда ли , сделал шаг , отравил себя музыкой , улицами , алкоголем , небом и северным морем .",1
369,"['Не', 'дослушаю', 'шепота', ',', 'выползу', 'в', 'тамбур', '.']",0
370,"Ты подурнела , я похорошел , и снов моих ты больше не хозяйка .",1
371,"Если в прошлое , лучше трамваем со звоночком , поддатым соседом , грязным школьником , тётей с приветом , чтоб листва тополиная следом .",1
372,"Жалуйтесь , читайте и жалейте , греясь у огня , вслух читайте , смейтесь , слёзы лейте .",1
373,"['Отделали', 'что', 'надо', ',', 'аж', 'губа', 'отвисла', 'эдак', '.']",0
374,"Это шкафчик , о который били Костю головой ?",1
375,"['Да', 'в', 'ларек', 'за', 'поллитру', 'толкнуть', '.']",0
376,"Пани-горе , тук-тук , это Ваш давний друг , пан Борис на пороге от рубахи до брюк , от котелка , нет , кепочки — до штиблет , семечек , макинтоша , трости и сигарет , я стучу в Ваш дом с обескровленным ртом , чтоб приобресть у Вас маузер , остальное — потом .",1
377,"Это было самое начало , я был глуп , и это не секрет .",1
378,"И звучит с базара блатной мотив , проясняются небеса .",1
379,"За магазином ввечеру стояли , тихо говорили .",1
380,"Тебе уже вставать , а мне пора ложиться спать.А то б взяла стишок , и так сказала мне : дурак , тут что-то очень Пастернак , фигня , короче , мрак.А я из всех удач и бед за то тебя любил , что полюбил в пятнадцать лет , и невзначай отбилу Гриши Штопорова , у комсорга школы , блин .",1
381,Типа чести невольник .,1
382,"Я не настолько верю в слово , Чтобы , как в юности , тогда , Сказать , что всё начнётся снова .",1
383,"Померкли очи голубые , Погасли чёрные глаза — Стареют школьницы былые , Беседки , парки , небеса .",1
384,"Только пар , только белое в синем над громадами каменных плит… никогда никуда мы не сгинем , Мы прочней и нежней , чем гранит .",1
385,"['Золотые', 'картины', ':', 'зеленеют', 'долины', ',', 'синих', 'гор', 'голубеют', 'вершины', ',', 'свет', 'с', 'востока', ',', 'востока', ',', 'от', 'порога', 'до', 'Бога', 'пролегает', 'дорога', 'полого', '.']",0
386,"Тайга — по центру , Кама — с краю , с другого края , пьяный в дым , с разбитой харей , у сарая стою с Григорием Данским .",1
387,…Предельно траурна братва у труповоза .,1
388,"Конечно же , давным-давно , давным-давно не те цыганы .",1
389,"С рюмкой спирта мама выходила , менее красива , чем во сне .",1
390,"Станет сын чужим и чужой жена , отвернутся друзья-враги .",1
391,"Вот моя строка : без меня отчаливайте , хватит — небо , облака !",1
392,"И , небо пронзая , стояли на страже берёзы и ели в могильном покое .",1
393,"« Девочке медведя подарили » , – перед сном читала мне сестра .",1
394,"Какая малость , милость , что за грусть — мы насовсем прощаемся .",1
395,"На спину « Levi ’ s » пришпандорено , « West Island » на рукав пришпилено .",1
396,Я никогда не сяду в первом ряду .,1
397,"Ай , стареющий мальчик , мне , эпигону , мне выпало такое счастье , отпетому хулигану , любящему « Пушторг » и « Лошади в океане » , — ангел с отбитым крылом под синим дождём в окне .",1
398,"И в голове дурные мысли , сперва о смерти — до хрена , а после заново о жизни .",1
399,"['На', 'поэзии', 'русской', 'появляется', 'узкий', 'очень', 'точный', 'узорец', 'восточный', ',', 'растворяется', 'прежний', '—', 'безнадежный', ',', 'небрежный', '.']",0
400,Лучше гнить в гробе .,1
401,"Леонтьев , Дозморов и Лузин , вот , Гриня , все мои кенты.Леонтьев — гений и поэт , и Дозморов , базару нет , поэт , а Лузин — абсолютный на РТИ авторитет .",1
402,"Кажется , нет.Спичка плывёт , с лица исчезает истома .",1
403,Два мента торчат у « скорой » .,1
404,Дождь в Нижнем Тагиле .,1
405,"И вновь на свете повторится Скамейка , счастье и любовь .",1
406,"Иванов , Синицын , Лейкин , Жаров : вор или бандит ?",1
407,"Из подъезда немытого гляну на двор , у окна на минуту замру .",1
408,"Пьет пиво из литровой банки , как будто в пиве есть покой .",1
409,"Я за отца досматриваю сны : прозрачным этим озером блуждаю на лодочке дюралевой с двустволкой , любовно огибаю камыши , чучела расставляю , маскируюсь и жду , и не промахиваюсь , точно стреляю , что сомнительно для сна .",1
410,"['—', 'и', 'пожинал', 'плоды', 'любви', 'запретной', '.']",0
411,"Потому что все меня любили , дерева молчали до утра .",1
412,В солидоле спецодежда .,1
413,"['Да', 'я', 'не', 'о', 'том', '—спит', 'штабной', 'подполковник', 'на', 'новой', 'шинели', '.']",0
414,"Включили новое кино , и началась иная пьянка .",1
415,"У памяти на самой кромке и на единственной ноге стоит в ворованной дубленке Василий Кончев — Гончев , « Ге » !",1
416,Отменно жить : икра и водка .,1
417,"Ни печали женской , ни печали , горечи , стыда .",1
418,"Мы с тобой прокатились на А и на Б , поглядели , кто первым умрёт .",1
419,Лицо разбито .,1
420,Играли в душе моей детской Ерёменко медные трубы .,1
421,"['С', 'брегов', 'стремительной', 'Исети', 'к', 'брегам', 'медлительной', 'Невы', 'я', 'вновь', 'приеду', 'на', 'рассвете', ',', 'хотя', 'меня', 'не', 'ждете', 'Вы.Как', 'в', 'Екатеринбурге', 'скучно', ',', 'а', 'в', 'Петербурге', ',', 'боже', 'мой', ',', 'сам', 'Александр', 'Семеныч', 'Кушнер', 'меня', 'зовет', 'к', 'себе', 'домой.Сам', 'Алексей', 'Арнольдыч', 'Пурин', 'ко', 'мне', 'является', 'с', 'дружком', '—', 'и', 'сразу', 'номер', 'мой', 'прокурен', 'голландским', 'лучшим', 'табаком.Сам', 'Александр', 'Леонтьев', ',', 'Шура', ',', 'с', 'которым', 'с', 'детства', 'я', 'знаком', ',', 'во', 'имя', 'Феба', 'и', 'Амура', 'меня', 'сведет', 'в', 'публичный', 'дом.Меня', 'считаете', 'пропойцей', 'Вы', ',', 'Алимкулов', 'Алексей', ',', 'мне', 'ничего', 'не', 'остается', ',', 'как', 'покориться', 'форме', 'сей.Да', ',', 'у', 'меня', 'губа', 'не', 'дура', 'испить', 'вина', 'и', 'вообще', '.']",0
422,"Пойдёмте и не протестуйте , в небе огромном зажглась сто вторая звезда .",1
423,Я подарил тебе на счастье во имя света и любви запас ненастья в моей крови .,1
424,"['«', 'Всех', 'попишу', ',', '—', 'начинает', 'он', 'тихо', ',', 'потом', 'орет', ':', 'падлы', '!', '»', 'Развязно', 'со', 'всех', 'сторон', 'обступает', 'его', 'народ.Забирают', 'топор', ',', 'говорят', '«', 'ну', 'вот', '!', '»', ',', 'бьют', 'коленом', 'в', 'живот', '.']",0
425,"На такси до родимых трущоб доберусь , попрошу , чтобы ждали внизу .",1
426,Дождь .,1
427,"Мы к Первомаю замутили брагу , я из канистры первым пригубил.Я помню час , когда ногами нас за хамство избивали демонстранты , и музыку , и розовые банты .",1
428,"И смеётся , глядит в глаза .",1
429,"Знать , забрили болезного .",1
430,"Им тридцать с гаком , все филологи оне .",1
431,"Прошел запой , а мир не изменился .",1
432,"Осень , что ли ?",1
433,"« Да ты пиши хоть , сынуль , мы волнуемся » .",1
434,"Мотив умолкнет , схлынет мрак , как бы конкретно ни мутило , но надо , чтобы на крайняк у человека что-то было .",1
435,"И был я так молод , когда — то надменно , то нежно , то грубо , то жалобно , то виновато… Ерёменко медные трубы !",1
436,"['А', 'во', 'дворе', 'весна.Белые', 'яблони', '.']",0
437,"На прощанье страшнее рассвет , чем закат .",1
438,"['Где', 'разжиться', 'спасительной', 'соткой', '?']",0
439,"Восьмидесятые , усатые , хвостатые и полосатые .",1
440,Белеют пароходы на фоне голубом в распахнутом окне .,1
441,"['Только', 'чей-то', 'локоточек', 'пошатнул', 'часы', 'песочные', '.']",0
442,"Ступай , он рек , вали и жги глаголом сердца людей , простых Марусь и Вась , раз в месяц наливаясь алкоголем , неделю квась .",1
443,"Но в эту самую мину- ту грянет ветер за спиною.Все зеркало заполнит сад , лицо поэта растворится .",1
444,"А то еще , что , вопреки злословью , она проста .",1
445,"А в отверстие небо врывается , и лежат на башке облака .",1
446,Оставь меня и музыку включи .,1
447,"Гроза шуровала в том месте , где с Камой сливается Обью , а далее — Волга .",1
448,Не вели бухого до кровати .,1
449,"Ни к чему разговоры о вечности , а точнее , о том , чего нет .",1
450,Перед кем вина ?,1
451,"И снова : что ты смотришь , идиот ?",1
452,Пусть опустеют небеса .,1
453,Прости былому хулигану — что там ?,1
454,"['Так', 'бы', 'жили', 'и', 'жили', ',', 'но', 'однажды', 'столкнулись', '—', 'какой-то', 'там', 'тесть', 'или', 'зять', 'из', 'деревни', '—', 'короче', ',', 'они', 'мужика', 'замочили', '.']",0
455,"И , не лишенная прикрас , хотя и сотканная грубо , жизнь отгораживалась тупо рядами ящиков от нас .",1
456,"['И', 'права', ',', 'вероятно', ',', 'Ирина', '—', 'чьи-то', 'книги', 'читал', ',', 'много', 'пил', 'и', 'не', 'видел', 'неделями', 'сына.Так', 'какого', 'же', 'черта', 'даны', 'мне', 'неведомой', 'щедрой', 'рукою', 'с', 'облаками', 'летящими', 'сны', ',', 'с', 'детским', 'смехом', ',', 'с', 'опавшей', 'листвою', '.']",0
457,"« Душа моя , приеду » .",1
458,"['Только', 'справа', 'соседа', 'закроют', ',', 'откинется', 'слева', ':', 'если', 'кто', 'обижает', ',', 'скажи', ',', 'мы', 'соседи', ',', 'сопляк', '.']",0
459,"['Если', 'в', 'чем', 'виноват', ',', 'прости', '.']",0
460,Восемь глаз печально-синих .,1
461,"А право , было б шороху в отчизне , когда б подобны почести — при жизни… Хотя , возможно , это перебор .",1
462,"Я помню всё , хоть многое забыл , — разболтанную школьную ватагу .",1
463,"['Леонтьев', ',', 'Пурин', 'и', 'Кирдянов', '.']",0
464,"В голубом от дыма ресторане слушать голубого скрипача , денежки отсчитывать в кармане , развернув огромные плеча .",1
465,"Не ты , а ты , а впрочем , как угодно — ты будь со мной всегда , а ты свободна , а если нет , тогда меняйтесь смело , не в этом дело .",1
466,И чёрное море в ответ гордо волнуется : есть у него пистолет !,1
467,Я для одной за три копейки Любовь и солнце покупал .,1
468,"О как досадно было , но все в памяти освещено каким-то жалостливым светом .",1
469,"Семь лет подряд хожу в одном и том же пальто , почти не ведая стыда , — не просто подвернувшийся прохожий писатель , не прозаик , а хороший поэт , и это важно , господа .",1
470,"Да , не приеду .",1
471,"Гроб вытаскивают — блеск — и восстановлен лоб , что в офисе ему разбили арматурой .",1
472,"В те баснословные года нам пиво воздух заменяло , оно , как воздух , исчезало , но появлялось иногда .",1
473,"На вокзале стоят поезда — ну , пора .",1
474,( Весьма амбициозная строфа .,1
475,"Стою , взволнованный пеоном и цезурой !",1
476,Расплывайся в слезах и в бесформенный сплав превращайся — любви и тоски .,1
477,"Так гранит покрывается наледью , и стоят на земле холода , — этот город , покрывшийся памятью , я покинуть хочу навсегда .",1
478,"Слышу рев милицейской сирены , нарезая по пустырям .",1
479,"Завидуешь мне , зависть — это дурно , а между тем есть чему позавидовать , мальчик , на самом деле — я пил , я беседовал запросто с героем его поэм в выдуманном им городе , в придуманном им отеле .",1
480,"['Мотодромы', 'с', 'автодромами', 'закрутились-завертелись', '.']",0
481,"Городок , что я выдумал и заселил человеками , городок , над которым я лично пустил облака , барахлит , ибо жил , руководствуясь некими соображениями , якобы жизнь коротка.Вырубается музыка , как музыкант ни старается .",1
482,Не шумит дорога .,1
483,"Не безысходный — трогательный , словно пять лет назад , отметить надо дождик безусловно и листопад.Пойду , чтобы в лицо летели листья , — я так давно с предсмертною разлукою сроднился , что все равно.Что даже лучше выгляжу на фоне предзимних дней .",1
484,"Только нет , не дай тебе Господь загнуться в сей квартире , где чтут подобный слог и всем за тридцать лет .",1
485,"Осыпаются алые клёны , полыхают вдали небеса , солнцем розовым залиты склоны — это я открываю глаза .",1
486,"И грустил я , спросив сигарету , что , какая б любовь ни была , я однажды сюда не приеду .",1
487,"Лучше страшно , лучше безнадежно , лучше рылом в грязь .",1
488,Вот мы и вышли в осень из кинозала и зашагали по длинной аллее жизни .,1
489,"['Прихватить', ',', 'что', 'ли', ',', 'туфли', 'его', 'в', 'самом', 'деле', '?']",0
490,"А на балконе комсомолочка стоит немножечко помята , она летала , как Дюймовочка , всю ночь в объятьях депутата .",1
491,Прошло десятилетье .,1
492,"И когда ты плакала по ночам , я , ладони в мыслях к твоим плечам прижимая , смог наконец понять , понял я : ты дочь моя , а не мать .",1
493,"Как будто кончено сраженье , и мы , прожжённые , летим , прорвавшись через окруженье , к своим .",1
494,"Я говорил ей небылицы : Умрём , и всё начнётся вновь .",1
495,"Как старики , как ангелы , как дети , мы будем жить одни на целом свете .",1
496,"С качелей прыгали в листву , что дворники собрать успели .",1
497,"['Гриша-поросенок', 'выходит', 'во', 'двор', ',', 'в', 'правой', 'руке', 'топор', '.']",0
498,Пол-облака висит над головами .,1
499,"В Свердловске живущий , но русскоязычный поэт , четвёртый день пьющий , сидит и глядит на рассвет .",1
500,"Пускай тогда , когда затылком стукну по днищу гроба , в подземелье рухну , заплаканные свердловчане пусть нарядят механическую куклу в мое шмотье , придав движеньям грусть .",1
501,"Ничего не надо , даже счастья быть любимым , не надо даже тёплого участья , яблони в окне .",1
502,"Семь лет подряд хожу в одном и том же пальто , почти не ведая стыда , — не просто подвернувшийся прохожий писатель , не прозаик , а хороший поэт , и это важно , господа .",1
503,"Как сказал тот , кто умер уже , безобразное — это прекрасное , что не может вместиться в душе .",1
504,И смерть наступит .,1
505,На погонах кровь заката .,1
506,"Я затем вас так крепко любил и любил , чтобы заново ожили вы .",1
507,"Прожекторы ночного дискоклуба гуляли по зеленым облакам.Тогда мне было восемнадцать лет , я пьяный был , я нес изящный бред , на фоне безупречного заката шатался — полыхали облака — и материл придурка азиата , сжав кулаки в карманах пиджака.Где ты , где азиат , где тот пиджак ?",1
508,"А ты останься в стороне — белей черёмухой в окне и , не дотягиваясь , смейся , протягивая руку мне .",1
509,"Это в той допотопной манере , когда люди сгорали дотла .",1
510,"А иногда отец мне говорил , что видит про утиную охоту сны с продолженьем : лодка и двустволка .",1
511,"Там , за окном , росли большие ели — деревья бора.План бегства из больницы при пожаре и все такое .",1
512,« Дай капельку сотру » .,1
513,Трамваи дребезжат бесплатные .,1
514,Никуда не приехало .,1
515,"Ну , давай поцелуемся !",1
516,"Я , детка , обниму тебя , и вот , прожекторы осветят наши лица .",1
517,Михалкова ценила кино .,1
518,Звезда .,1
519,"['Но', '—за', 'окном', 'тополиные', 'кроны', 'шелестят', ',', 'подпевают', 'ему', '.']",0
520,"['Потом', 'лежачего', 'бьют', '.']",0
521,"['Описав', 'бы', 'все', 'это', ',', 'с', '«', 'Памиром', '»', 'в', 'пальцах', 'на', 'века', 'в', 'черной', 'бронзе', 'застыть', 'над', 'Свердловском', ',', 'да', 'на', 'фиг', 'я', 'нужен', '.']",0
522,"— с алой лентой , вьющейся на ветру .",1
523,"['Там', 'тельняшку', 'такую', 'себе', 'я', 'купил', ',', 'оборзел', ',', 'прокурил', 'самокрутками', 'пальцы', '.']",0
524,"['И', 'когда', 'бы', 'поэты', 'могли', 'нарождаться', 'в', 'Свердловске', ',', 'я', 'бы', 'точно', 'родился', 'поэтом', ':', 'завел', 'бы', 'тетрадь', ',', 'стал', 'бы', 'книжки', 'читать', ',', 'а', 'не', 'грушу', 'метелить', 'в', 'спортзале', '.']",0
525,"И если , пьян , с последнею любовью к щеке устаприжал и всё , и взял рукою руку , — она поймет .",1
526,"Как хорошо мы плохо жили , прикуривали на ветру .",1
527,"Отвращенье домашние кофточки , полки книжные , фото отца вызывают у тех , кто , на корточки сев , умеет сидеть до конца .",1
528,"Мальчику полнеба подарили , сумрак елей , золото берез .",1
529,"['Вдали', 'полыхнут', 'леспромхозы', '.']",0
530,"['Остается', 'не', 'думать', ',', 'как', 'тот', 'генерал', ',', 'а', '«', 'Памир', '»', 'надорвать', 'да', 'исчезнуть', 'к', 'чертям', ',', 'раскурив', 'на', 'ветру', 'сигарету', '.']",0
531,Нижний Тагил.От порога до бога пусто и одиноко .,1
532,"Он курит неспешно , он не говорит ничего ( прижались к коленям его печально и нежно козлёнок с барашком ) , и слёз его очи полны .",1
533,"Следит за погрузкой песка на раздолбанный ЗИЛ — приёмный , но любящий сын поэзии русской .",1
534,"['А', 'еще', 'я', 'ходил', 'по', 'субботам', 'на', 'танцы', 'и', 'со', 'всеми', 'на', 'равных', 'стройбатовцев', 'бил', '.']",0
535,"Так я понял : ты дочь моя , а не мать , только надо крепче тебя обнять и взглянуть через голову за окно , где сто лет назад , где давным-давно сопляком шмонался я по двору и тайком прикуривал на ветру , окружен шпаной , но всегда один — твой единственный , твой любимый сын .",1
536,"И листья заново взлетят , и станут падать и кружиться .",1
537,"Слушает море под вечер горячие речи , чайка кричит и качается белый корабль — этого вечера будет особенно жаль.Купим пиджак белоснежный и белые брюки , как в кинофильме , вразвалку подвалим к подруге , та поразмыслит немного , но вскоре решит : в августе этом пусть , ладно уж , будет бандит.Всё же какое прекрасное позднее лето .",1
538,"Встал из-за столика : не провожать , друзья .",1
539,"Есть пистолет , чёрный браунинг в чёрном мазуте .",1
540,"Но раз в полгода куклу убирают , и с Лузиным Серегой запивает толковый опустившийся актер .",1
541,"['А', 'потом', 'загремит', 'дядя', 'Саша', ',', 'и', 'вновь', 'дядя', 'Сева', 'в', 'драной', 'майке', 'на', 'лестнице', ':', 'так', ',', 'мол', ',', 'Бориска', ',', 'и', 'так', ',', 'если', 'кто', 'обижает', ',', 'скажи', '.']",0
542,"Я придумал его , потому что поэту не в кайф без героя.Я его сочинил от уста- лости , что ли , еще от желанья быть услышанным , что ли , чита- телю в кайф , грехам в оправданье.Он бездельничал , « Русскую » пил , он шмонался по паркам туманным .",1
543,"Прежде чем на тракторе разбиться , застрелиться , утонуть в реке , приходил лесник опохмелиться , приносил мне вишни в кулаке .",1
544,"До дома добреду , побряцаю ключами , по комнатам пройду — прохладны и пусты .",1
545,"Только я со шпаною ходил в дружбанах , до сих пор не пойму , почему .",1
546,"В одних и тех же брюках и ботинках , один и тот же выдыхая дым .",1
547,Кальпиди так Кальпиди .,1
548,"Я выпью и на пять минут прилягу , потом проснусь : ан жизнь моя прошла .",1
549,Браунинг ?,1
550,Такие удивительные мысли ко мне приходят с некоторых пор .,1
551,"Лейкин сорока двух лет , на ремне его « макаров » .",1
552,"В России друг от друга города столь далеки , что вздрагиваю я , шепнув « прощай » .",1
553,"Можно лечь на синий воздух и почти что полететь , на бескрайние просторы влажным взором посмотреть : лес налево , луг направо , лесовозы , трактора .",1
554,"Наследственность плюс родовая травма — душа свободна.Так плавно , так спокойно по орбите плывет больница .",1
555,"['Ты', 'не', 'мальчик', '!']",0
556,"Зелёный змий мне преградил дорогу к таким непоборимым высотам , что я твержу порою : слава богу , что я не там .",1
557,О муза бестолковая моя !,1
558,"Приобретут всеевропейский лоск Слова трансазиатского поэта , Я позабуду сказочный Свердловск И школьный двор в районе Вторчермета .",1
559,"Перед тем , что жив .",1
560,"Что же касается мальчика , он исчезает .",1
561,"Ничего действительно не надо , что ни назови : ни чужого яблоневого сада , ни чужой любви , что тебя поддерживает нежно , уронить боясь .",1
562,"Чтобы каждый остался оправдан и чист , чтобы ангелом сделался гад .",1
563,"Вот и стал я горным инженером , получил с отличием диплом .",1
564,"Приходите из тюрем , вставайте с могил , возвращайтесь из наглой Москвы .",1
565,"['Сидим', 'типа', 'компаньей', 'узкою', 'в', 'одной', 'пивной', 'на', 'Моховой.На', 'фоне', 'килек', 'и', 'стаканов', 'сидим', ',', 'не', 'хочим', 'встать', 'со', 'стулов', '.']",0
566,"Ещё неделя света и покоя , и ты уйдёшь вся в белом в голубое , не ты , а ты с закушенной губою пойдёшь со мною мимо цветов , решёток , в платье строгом вперёд , где в тоне дерзком и жестоком ты будешь много говорить о многом со мной , я — с богом .",1
567,"Навеки влюбленные , в клубе мы с Ирою К. танцевали .",1
568,"Вот с корзинами маячат бабки , дети-грибники .",1
569,"Всем все равно куда , а мне — подавно , куда угодно .",1
570,"И я услышу поутру , очнувшись головой на свае : трамваи едут по нутру , под мостом дребезжат трамваи .",1
571,Синицын .,1
572,"— ослов… Под сине-голубыми облаками стою и тупо развожу руками , весь музыкою полон до краев .",1
573,"Не вышло из меня поэта , чёрт побери !",1
574,"А ещё , а потом , чтобы лес золотой , голубой блеск реки и небес .",1
575,И чёрная река от края и до края на фоне голубом в распахнутом окне .,1
576,"Или нехотя звонил замужней дуре , любящей стихи под Бродского , а заодно меня — какой-то экзотической любовью .",1
577,"['Их', 'поймали', ',', 'и', 'не', 'некому', 'стало', 'меня', 'защищать', '.']",0
578,"Пацанка , я к щеке твоей прилип .",1
579,"Два мотылька прилетают на розовый свет спички , лицо озаряющей .",1
580,"Мы с Ирою К. танцевали , целуясь то в щеки , то в губы .",1
581,"А я поэт , поэт .",1
582,"Жизнь — суть поэзия , а смерть — сплошная проза .",1
583,"Нет , вы не поняли , есть пистолет , только дома .",1
584,"Я улыбнусь , махну рукой подобно Юрию Гагарину , со лба похмельную испарину сотру и двину по кривой.Винты свистят , мотор ревет , я выхожу на взлет задворками .",1
585,И забывается печаль .,1
586,Ночь .,1
587,"Дай руку мне — мне скоро двадцать три — и верь словам , я дольше продержался меж двух огней — заката и зари .",1
588,"Над домами , домами , домами голубые висят облака — вот они и останутся с нами на века , на века , на века .",1
589,Моя песенка спета .,1
590,В России расстаются навсегда .,1
591,Плывут багровые полоски .,1
592,"['Убийцу', 'повели', 'на', 'расстрел', 'палачи.Убаюкана', 'музыкой', 'страшной', ',', 'что', 'ты', 'хочешь', 'увидеть', 'во', 'сне', '?']",0
593,Вслед за ним устремляются трое .,1
594,"На пароходе в ночь отчалить полагали , но пригласили нас в какой-то важный дом .",1
595,Тлеют фары италийских « жигулей » .,1
596,"['Боже', 'мой', ',', 'не', 'бросай', 'мою', 'душу', 'во', 'зле', ',', '—', 'я', 'как', 'Слуцкий', 'на', 'фронт', ',', 'я', 'как', 'Штейнберг', 'на', 'нары', ',', 'я', 'обратно', 'хочу', '—', 'обгоняя', 'отары', ',', 'ехать', 'в', 'синее', 'небо', 'на', 'черном', '«', 'козле', '»', '.']",0
597,"Не в плане не лишенной красоты , Но вычурной и артистичной позы , А потому что там мои кенты , Их профили на мраморе и розы .",1
598,Сквер будет назван именем моим .,1
599,"Было много утреннего света , с крыши в руки падала вода , это было осенью , а лето я не вспоминаю никогда .",1
600,И пошло-поехало .,1
